Video Game,Descritpion,Release Year,Users' Review (stars),Genre,Theme,Platform Manufacturer(s),Platform(s),Developers
Donkey Kong ('94),A new version Donkey Kong that featured all four levels of the original arcade game... And then 97 more. It went on to inspire the Mario vs Donkey Kong series on the GBA and DS.,1994,4.67,"Puzzle, Platformer",Comedy,Nintendo,"Game Boy, Nintendo 3DS eShop",Nintendo
Donkey Kong ('81),"Control Jumpman (later known as Mario) and save his girlfriend, Pauline, from the evil barrel-tossing gorilla known as Donkey Kong.",1981,3.8,"Action, Platformer",,"Nintendo, Amstrad, Apple, Commodore, Sinclair Research, Atari, Coleco Industries, Texas Instruments, Mattel, Arcade, PC","Game Boy Advance, Amstrad CPC, Apple II, Commodore 64, ZX Spectrum, Nintendo Entertainment System, Atari 8-bit, VIC-20, Atari 2600, ColecoVision, TI-99/4A, Intellivision, Atari 7800, Arcade, Wii Shop, Famicom Disk System, PC, Nintendo 3DS eShop, Wii U","Nintendo, Intelligent Systems, SRD"
Michael Jackson's Moonwalker (Arcade),3 player isometric action game by Sega and released only in arcades. Loosely based upon the movie of the same name.,1990,,Action,Sci-Fi,Arcade,Arcade,Sega
Michael Jackson's Moonwalker,"A side-scrolling action game starring the king of pop Michael Jackson, released in 1990 for Sega Genesis and Master System. Moonwalker features Michael saving children, turning into a robot, his pet monkey Bubbles, and magical dance fighting. Later released in arcades on the Mega-Tech hardware.",1990,5,"Action, Music/Rhythm, Brawler",Sci-Fi,"Nintendo, Sega","Genesis, Sega Master System, Wii Shop",Sega
Teenage Mutant Ninja Turtles ('89),"Originally appearing as an arcade game in 1989, the game has seen many re-releases in all of its years, but most recently it has appeared on the Xbox Live Marketplace.",1989,,Brawler,"Sci-Fi, Martial Arts, Superhero","Commodore, Amstrad, Atari, Sinclair Research, Nintendo, Arcade, Microsoft, PC","Amiga, Amstrad CPC, Atari ST, Commodore 64, ZX Spectrum, Nintendo Entertainment System, Arcade, Xbox 360 Games Store, PC","Konami, Backbone Entertainment, Probe Entertainment"
Teenage Mutant Ninja Turtles (2013),Teenage Mutant Ninja Turtles is a game based on the 2012 Nickelodeon CGI series.,2013,1,Brawler,"Martial Arts, Comic Book","Microsoft, Nintendo","Xbox 360, Wii, Xbox 360 Games Store, Nintendo 3DS",Magic Pockets
24: The Game,"24: The Game is a third-person shooter for the PlayStation 2 based on the hit television series 24, as Jack Bauer and the rest of the Counter Terrorist Unit try to foil terrorist attacks in Los Angeles.",2006,2.75,"Action, Shooter","Espionage, Crime",Sony,PlayStation 2,Guerrilla Cambridge
Adrenix,Adrenix is a Descent style 6DOF FPS by Digital Dialect.,1998,,"Action, Shooter","Sci-Fi, Cyberpunk",PC,PC,Digital Dialect
Adventure Island,"A scrolling platformer for the Nintendo Entertainment System developed by Hudson Soft, the game was an adaptation of the Westone/Sega arcade game Wonder Boy featuring an employee of Hudson wearing a grass skirt.",1986,3,"Action, Platformer",Fantasy,"Microsoft, Nintendo","Game Boy Advance, MSX, Nintendo Entertainment System, Wii Shop, Wii U",Hudson Entertainment
Adventure Island II,The main character in this classic side-scroller is Master Higgins who tries to save his girlfriend from the aliens that have invaded Adventure Island.,1991,,"Action, Platformer",,Nintendo,"Game Boy, Nintendo Entertainment System, Wii Shop, Nintendo 3DS eShop",Nowpro
Adventure Island III,,1992,,"Action, Platformer",,Nintendo,"Game Boy, Nintendo Entertainment System",Hudson Entertainment
Adventures of Lolo,Adventures of Lolo is a puzzle game by HAL Corporation in 1989 for the Nintendo Entertainment System.,1989,4,"Action, Strategy, Puzzle",Fantasy,Nintendo,"Nintendo Entertainment System, Wii Shop, Wii U",HAL Laboratory
Adventures of Lolo 2,"Lala has been captured again, this time by the king of Eggerland himself (AGAIN)! It's up to you (Lolo) to ascend his tower, confront evil, and put an end to this madness!",1990,5,"Action, Strategy, Puzzle",Fantasy,Nintendo,"Nintendo Entertainment System, Wii Shop",HAL Laboratory
All Night Nippon Super Mario Bros.,All Night Nippon Super Mario Bros. is a version of the game based on the Japanese radio show All Night Nippon.,1986,,Platformer,"Fantasy, Comedy",Nintendo,Famicom Disk System,Nintendo
Altered Beast,"Altered Beast is a side-scrolling beat-'em-up that puts the player in control of a resurrected centurion who possesses the ability to shape shift into many beasts, such as a wolf, dragon, tiger and bear. Altered Beast was the original pack-in game for the Genesis in North America.",1988,1.5,"Action, Brawler, Platformer","Fantasy, Alternate Historical","Sega, Amstrad, Atari, Commodore, Microsoft, Sinclair Research, Nintendo, NEC, Arcade, Nintendo, Sony, PC","Amiga, Genesis, Sega Master System, Amstrad CPC, Atari ST, Commodore 64, MSX, ZX Spectrum, Nintendo Entertainment System, TurboGrafx-CD, TurboGrafx-16, Arcade, Xbox 360 Games Store, Wii Shop, PlayStation Network (PS3), PC","Sega, Software Studios, Asmik"
Arabian,"Journey as an Arabian prince to save the princess, who is imprisoned in the tower of a castle.",1983,,Platformer,"Fantasy, Alternate Historical, Medieval",Arcade,Arcade,"SunSoft, Sun Electronics"
Arabian Fight,"An Arabian-themed, side-scrolling beat-em-up released by Sega in 1991. Running on the 32-bit Sega System 32 arcade system, it featured four-player co-op gameplay and impressive psuedo-3D sprite-scaling effects.",1991,,"Action, Fighting","Fantasy, Egyptian, Anime",Arcade,Arcade,Sega
Art of Fighting,"Art of Fighting is SNK's second foray into the fighting game genre, known for its large character sprites and use of a super gauge.",1992,,Fighting,Martial Arts,"Sega, Nintendo, Sony, SNK, NEC, Arcade","Genesis, Super Nintendo Entertainment System, PlayStation 2, Neo Geo, TurboGrafx-CD, Neo Geo CD, Arcade, Wii Shop, PlayStation Network (PS3), PlayStation Network (PSP)","SNK Playmore, Monolith"
Banana,A puzzle game featuring moles developed by Victor.,1986,,"Action, Strategy, Puzzle",Abstract,Nintendo,Nintendo Entertainment System,Victor Entertainment
Banjo-Kazooie,"Play as lovable goofball Banjo the bear and his bird pal Kazooie in the first of many adventures as they collect valuable ""Jiggies"" in order to face the vile witch, Gruntilda and save Banjo's sister Tooty.",1998,4.64,"Action, Adventure, Platformer","Fantasy, Comedy","Microsoft, Nintendo","Nintendo 64, Xbox 360 Games Store","Rare, 4J Studios"
Barbarian,Barbarian is a side-scrolling platformer that gives the player the ability to control a sword wielding barbarian.,1987,,"Action, Fighting, Platformer",Fantasy,"Amstrad, Atari, Commodore, Sinclair Research, PC","Amiga, Amstrad CPC, Atari ST, Commodore 64, ZX Spectrum, PC",Krome Studios Melbourne
Battletoads in Battlemaniacs,"The first SNES entry in Rare's popular brawler series Battletoads, infamous both for its unique humor and brutal difficulty.",1993,3,"Action, Brawler","Fantasy, Sci-Fi, Cyberpunk","Nintendo, Sega","Sega Master System, Super Nintendo Entertainment System",Rare
Bean's Quest,A wizard has turned Emilio into a jumpinh bean and kidnapped his girlfriend. Embark on a platforming adventure through fifty levels to save her.,2012,,Platformer,,"Apple, PC","Mac, PC, iPhone, iPad",Kumobius
Beyond Shadowgate,The sequel to the original Shadowgate. ICOM developed it exclusively for the NEC TurboGrafx-CD. It was one of a handful of US exclusives for the system.,1993,,Adventure,"Fantasy, Medieval",NEC,TurboGrafx-CD,ICOM Simulations
BioShock Infinite,"Booker's main objective is to rescue and protect Elizabeth, though she is perfectly capable of looking after herself.",2013,4.6,"Shooter, Action, Adventure","Sci-Fi, Alternate Historical, Steampunk","Apple, Microsoft, Sony, PC, Linux","Mac, Xbox 360, PlayStation 3, Xbox 360 Games Store, PlayStation Network (PS3), PC, Linux","Irrational Games, 2K Australia, Darkside Game Studios"
Braid,"Manipulate time to complete puzzles in this 2D platform game made by indie developer, Jonathan Blow.",2008,4.75,"Puzzle, Platformer",Fantasy,"Apple, Microsoft, Sony, PC, Linux","Mac, Xbox 360 Games Store, PlayStation Network (PS3), PC, Linux","Number None, Hothead Games"
Bubble: Journey to the End of the World,"A tilt-controlled action game for iOS devices, in which a bubble evades various types of irate birds to rescue a girl.",2011,,Action,Comedy,Apple,iPhone,Full Circle Game Studios
Cacoma Knight in Bizyland,"Cacoma Knight is a hybrid of action and puzzle elements. At the beginning you must choose between either Jack, Jean or RB93 as your character as you compete to purify the most land",1992,,"Action, Puzzle",Fantasy,Nintendo,Super Nintendo Entertainment System,Datam Polystar
Cadash,An side-scrolling Action/RPG fantasy game.,1989,4,"Action, Platformer","Fantasy, Anime","Sega, NEC, Arcade, Nintendo","Genesis, TurboGrafx-16, Arcade, Wii Shop","Taito Corporation, ITL"
Castle Crashers,Players go through the game rescuing 4 princesses.,2008,4.42,"Role-Playing, Brawler, Action, Adventure","Fantasy, Comedy","Apple, Microsoft, Sony, PC, Browser","Mac, Xbox 360 Games Store, PlayStation Network (PS3), PC, Browser",The Behemoth
Castle of Illusion starring Mickey Mouse,"Minnie Mouse has been kidnapped by the evil witch Mizrabel, and it's up to Mickey Mouse to venture through the mysterious worlds of the Castle of Illusion to rescue her in this 2D platformer (and collaboration between Disney and Sega).",1990,4,"Action, Platformer",Fantasy,"Sony, Sega","Game Gear, Genesis, Sega Master System, PlayStation Network (PS3)","Sega, Sega"
Castlevania: Harmony of Dissonance,"The second Castlevania installment for the Game Boy Advance, Castlevania: Harmony of Dissonance tells the tale of whip-bearing Juste Belmont, grandson of Simon Belmont.",2002,3.5,"Platformer, Action, Adventure","Horror, Fantasy",Nintendo,"Game Boy Advance, Wii U",Konami
Castlevania: Legacy of Darkness,Castlevania: Legacy of Darkness is a remastered version of Castlevania 64 that also features a new story and new characters. It has new stages as well as redesigned stages from the original.,1999,,Action,,Nintendo,Nintendo 64,Konami
Castlevania: Rondo of Blood,Castlevania: Rondo of Blood is a traditional Castlevania platformer for the PC-Engine Super CD-ROM² that takes place before Castlevania: Symphony of the Night.,1993,5,"Action, Platformer","Horror, Fantasy, Anime","NEC, Nintendo","TurboGrafx-CD, Wii Shop",Konami
Castlevania: The Dracula X Chronicles,"Dracula is still a threat in this updated version of Castlevania: Rondo of Blood, remade with 3D graphics for the Playstation Portable. Also included on the disc is the original PC-Engine Super CD-ROM2 version of Rondo of Blood as well as the sequel, Symphony of the Night.",2007,3.67,"Action, Role-Playing, Compilation",,Sony,PlayStation Portable,Konami
Choose an Enemy,"After picking one of three opponents to fight, you must knock out all 32 teeth from your opponent to save a damsel in distress.",1991,,"Action, Fighting",,PC,PC,Russian Soft
Chuck Rock,Caveman Chuck Rock must save his wife from dinosaurs by beating down enemies with his stomach and by hurling rocks in this side-scrolling action game.,1992,,"Action, Platformer",Prehistoric,"Nintendo, Atari, Commodore, Sega, Acorn Computers","Amiga, Game Boy, Game Gear, Genesis, Sega Master System, Super Nintendo Entertainment System, Atari ST, Commodore 64, Sega CD, Amiga CD32, Acorn Archimedes",Core Design
Cid the Dummy,"CID is a crash test dummy, take part in his adventures across wacky platforming stages to save a damsel in distress.",2009,,"Action, Brawler, Platformer, Action, Adventure","Comedy, Martial Arts, Superhero","Sony, Nintendo, PC","PlayStation Portable, PlayStation 2, Wii, PC",Twelve Interactive
Cirque de Zale,Alexander Zale embarks on a quest to start his own circus.,2004,,Adventure,"Fantasy, Comedy",PC,PC,
Clash at Demonhead,Clash at Demonhead is an action platformer for the NES featuring non-linear gameplay and an absurd story.,1989,,"Action, Adventure, Platformer","Fantasy, Sci-Fi",Nintendo,Nintendo Entertainment System,Vic Tokai
Cloudberry Kingdom,An insane Kickstarter-funded hardcore platformer by Pwnee Studios.,2013,,Platformer,Comedy,"Apple, Microsoft, Sony, PC, Nintendo, Linux","Mac, Xbox 360 Games Store, PlayStation Network (PS3), PC, Nintendo 3DS eShop, Wii U, PlayStation Network (Vita), Linux",Pwnee Studios
Cocoron,A platformer for the NES which is notable for allowing customization of the main character.,1991,,Platformer,Fantasy,Nintendo,Nintendo Entertainment System,K2
Comix Zone,"All was swell for the comic book artist and part-time rock musician Sketch Turner until his apartment got struck by lightning and he gets sucked into his own comic, where he has to fight off mutants and other monstrosities to save himself, as well as ""the girl"".",1995,4,"Action, Brawler","Cyberpunk, Post-Apocalyptic, Superhero, Comic Book","Sega, Microsoft, Nintendo, Sony, PC","Game Boy Advance, Genesis, Xbox 360 Games Store, Wii Shop, PlayStation Network (PS3), PC",Sega
Conan,Conan is an action adventure game that has you slicing and dicing your way through hordes of enemies.,2007,2.8,"Action, Adventure",Fantasy,"Microsoft, Sony","Xbox 360, PlayStation 3",Nihilistic Software
Conan: The Cimmerian,"An action-adventure title with some RPG elements, based on the Conan fiction. In it Conan is on a revenge hunt after high priest of the Cult of Set, Thoth Amon, massacres his wife and friends.",1991,,"Action, Adventure",Fantasy,"Commodore, PC","Amiga, PC",Synergistic Software
Crime Fighters,Several women have been kidnapped by a crime boss. It's your job to rescue them by beating up everyone in your way.,1989,,Brawler,"Comedy, Martial Arts",Arcade,Arcade,Konami
Crossed Swords,"An action-RPG for the Neo Geo, notable for its unusual behind-the-back, one-on-one combat system.",1990,,Action,Fantasy,SNK,"Neo Geo, Neo Geo CD",Alpha Denshi
Crysis,"As Nomad, an elite soldier outfitted in a state-of-the-art Nanosuit that gives him superhuman abilities, infiltrate a North Korean-held island to rescue captured scientists... and face a reawakening ancient evil that threatens the entire world. Crysis is well known for its high system requirements and top of the line graphics.",2007,4.32,"Action, Shooter","Sci-Fi, Modern Military","Microsoft, Sony, PC","Xbox 360 Games Store, PlayStation Network (PS3), PC",Crytek
Dante's Inferno,Traverse the nine circles of hell in EA's God of War clone named after the first cycle of Dante Alighieri's epic poem The Divine Comedy.,2010,3.41,Action,"Horror, Fantasy","Microsoft, Sony","PlayStation Portable, Xbox 360, PlayStation 3, PlayStation Network (PS3), PlayStation Network (PSP)","Visceral Games, Behaviour Interactive"
Dead Space,"Engineer Isaac Clarke battles a polymorphic virus-like alien infestation which turns human corpses into grotesque undead alien monsters called ""Necromorphs"", while trying to survive on board an infested interstellar mining ship named the USG Ishimura.",2008,4.68,"Shooter, Action, Adventure","Horror, Sci-Fi","Microsoft, Sony, PC","Xbox 360, PlayStation 3, Xbox 360 Games Store, PlayStation Network (PS3), PC",Visceral Games
Deadfall Adventures,"A first-person action-adventure game by Polish developer, Farm 51 and publisher, Nordic Games.",2013,,"Puzzle, Shooter, Action, Adventure","Alternate Historical, Mayan","Microsoft, Sony, PC","Xbox 360, PlayStation Network (PS3), PC",The Farm 51
Devil May Cry 4,"The fourth game in the popular Capcom action franchise, Devil May Cry. Take on the role of new playable character Nero, as he uses his swanky demon arm to beat the hell out of a demon invasion in the castle town of Fortuna.",2008,4,"Action, Adventure","Horror, Fantasy","Microsoft, Sony, PC","Xbox 360, PlayStation 3, Xbox 360 Games Store, PC, Xbox One, PlayStation 4",Capcom
Die by the Sword,"A third-person hack 'n' slash action game best known for enabling the player to use a variety of different sword swings to chop off limbs, heads and arms of opponents.",1998,,"Action, Adventure","Fantasy, Alternate Historical, Medieval",PC,PC,Treyarch
Disaster Report,"Disaster Report (or SOS The Final Escape) is a survival action/adventure game where you play Keith, a newspaper editor, trying to escape a city hit by an earthquake.",2002,3.5,"Action, Adventure, Action, Adventure",Post-Apocalyptic,Sony,PlayStation 2,Irem
Disney's Donald Duck: Goin' Quackers,An action platform game starring Donald Duck.,2000,,"Action, Platformer","Comedy, Mayan","Sony, Nintendo, Sega, PC","PlayStation 2, PlayStation, GameCube, Dreamcast, Nintendo 64, Game Boy Color, PC","Ubisoft, Disney Interactive, Ubisoft"
Disney's Hercules: Action Game,"Disney's Hercules is a movie based action game for the PlayStation and PC. In it, the player takes control of Hercules, who must complete various feats in order to be admitted into Olympus and sit alongside the gods.",1997,,"Action, Platformer",Fantasy,"Sony, PC","PlayStation, PC",Eurocom Entertainment Software
DJ Boy,"DJ Boy is a side-scrolling Beat 'em up, released in 1989 by Kaneko for the Arcade, and later, Genesis. The game features a uniquely Japanese take on mid-to-late 80s Hip-hop/Urban culture. You play as DJ Boy, a rollerskater hoping to win the ""Rollergame"" fight-race competition in Cigaretch city.",,,Brawler,,"Sega, Arcade","Genesis, Arcade",Kaneko
Dokuro,"Dokuro is a a 2D puzzle platformer for the PlayStation Vita where, as the titular skeletal hero Dokuro, you must escort the princess through myriad traps and obstacles using your chalk powers and ability to transform into a handsome prince.",2012,5,"Puzzle, Platformer, Action, Adventure",Horror,"Android, Sony","Android, PlayStation Vita, PlayStation Network (Vita)",Game Arts
Donkey King,A clone of Donkey Kong for the Welsh made Dragon32/64 computer and the Tandy CoCo.,1982,,Action,,"Dragon Data, Tnady, Motorola","Dragon 32/64, TRS-80 CoCo",Tom Mix
Donkey Kong Classics,"Donkey Kong Classics is an early NES compilation cartridge featuring both the original Donkey Kong, and Donkey Kong Jr.",1988,,"Action, Compilation",,Nintendo,Nintendo Entertainment System,Nintendo
Double Dragon,"Double Dragon is a game credited, in part, with the popularity of the beat-em-up genre in the arcade craze of the 1980s and 1990s.",1987,4,"Fighting, Brawler",Martial Arts,"Sega, Amstrad, Atari, Commodore, Microsoft, Sinclair Research, Nintendo, Arcade, PC, Apple, Zeebo, Android","Amiga, Game Boy, Game Gear, Genesis, Atari Lynx, Sega Master System, Amstrad CPC, Atari ST, Commodore 64, MSX, ZX Spectrum, Nintendo Entertainment System, Atari 2600, Atari 7800, Arcade, Xbox 360 Games Store, Wii Shop, PC, iPhone, Zeebo, Android, Nintendo 3DS eShop, Wii U",Technos Japan
Double Dragon Neon,Journey back to the bodacious 80s in this long-awaited reboot of the Double Dragon beat 'em up series.,2012,4,"Fighting, Brawler","Comedy, Martial Arts","Microsoft, Sony, PC","Xbox 360 Games Store, PlayStation Network (PS3), PC","WayForward Technologies, Million, Abstraction Games"
Dragon Warrior,Rescue the princess and defeat the evil Dragonlord in this landmark RPG from Enix.,1986,3,Role-Playing,"Fantasy, Anime, Medieval","Nintendo, Microsoft, Sharp, Apple, NEC","Super Nintendo Entertainment System, MSX, Nintendo Entertainment System, Game Boy Color, Sharp X68000, iPhone, NEC PC-9801",Chunsoft
Dragon Warrior Monsters,"A monster collecting, breeding, and fighting game for the Game Boy Color. Terry's sister has been kidnapped and he must find and save her at any cost.",1998,,Role-Playing,"Fantasy, Comedy",Nintendo,Game Boy Color,TOSE
Dragon's Lair,"Known as the granddaddy of the ""Quick Time Event"", Dragon's Lair is an interactive cartoon that lets players help guide the actions of brave knight Dirk the Daring, as he ventures through the dangerous castle of Singe the Dragon in order to rescue his beloved princess Daphne.",1983,4.5,"Action, Adventure, Puzzle","Fantasy, Medieval","Sega, Nintendo, Amstrad, Atari, Commodore, Sinclair Research, Apple, Sony, 3DO, Phillips, Microsoft, Arcade, PC, RDI Video Systems, Android","Amiga, Game Boy, Game Gear, Super Nintendo Entertainment System, Amstrad CPC, Atari ST, Commodore 64, ZX Spectrum, Mac, PlayStation 2, Nintendo Entertainment System, 3DO, CD-i, Jaguar, Sega CD, Xbox, Wii, Nintendo DS, Game Boy Color, Arcade, Xbox 360 Games Store, PlayStation Network (PS3), PC, iPhone, DSiWare, RDI Halcyon, PlayStation Network (PSP), Android","Digital Leisure, The Code Monkeys, RDI Video Systems, Digital Eclipse Software, Code Mystics"
Elite Beat Agents,"Elite Beat Agents is a rhythm game for the Nintendo DS developed by iNiS Corp. and published by Nintendo. It is a spiritual sequel to the Japanese only Osu! Tatakae! Ouendan, and uses many of the same touch screen based gameplay mechanics.",2006,4.29,Music/Rhythm,"Comedy, Anime, Superhero",Nintendo,Nintendo DS,"iNiS, Nintendo"
Escape From Hell,"You must find your way out of Hell in this, the last game to use the game engine created for Wasteland.",1990,,"Adventure, Role-Playing","Horror, Comedy",PC,PC,Electronic Arts
Escape from the Planet of the Robot Monsters,"Lots of beautiful girls have been abducted to Planet X and are being forced to create an evil robot army by the evil reptilions. It's your job as a member of the interplanetary SWAT team, to power up your laser pistols and save the world.",1990,,"Action, Shooter, Platformer","Sci-Fi, Comedy","Atari, Commodore, Sinclair Research, Arcade, PC","Amiga, Atari ST, Commodore 64, ZX Spectrum, Arcade, PC",Tengen
Esper Dream,Esper Dream is a role-playing game developed and published by Konami for the Famicom Disk System and Wii Virtual Console platforms. It is the first game in the Esper Dream series.,1987,,Role-Playing,Abstract,Nintendo,"Wii Shop, Famicom Disk System",Konami
Fairy Well,Guide your fairy through a labyrinth and rescue a princess in this homebrew game.,2013,,Action,Fantasy,Commodore,Commodore 64,Wide Pixel Games
Fallout 2,Fallout 2 is the sequel to the critically acclaimed post-apocalyptic RPG.,1998,4.5,Role-Playing,"Sci-Fi, Alternate Historical, Comedy, Post-Apocalyptic","Apple, PC","Mac, PC","Black Isle Studios, Zenimax Media"
Fat Princess,The controversial Fat Princess sees the endless battle of red vs. blue comes to a fight between two kingdoms who have kidnapped each other's princess and are stuffing her with cake to make her rescue more difficult.,2009,4.18,"Action, Strategy, Real-Time Strategy, Brawler","Fantasy, Comedy, Medieval",Sony,"PlayStation 3, PlayStation Network (PS3)","Darkstar, Titan Studios, SCE Santa Monica Studio"
Fat Princess: Fistful of Cake,"A version of Fat Princess for the PSP, enhanced with added levels and modes.",2010,3.33,"Action, Strategy","Comedy, Medieval",Sony,"PlayStation Portable, PlayStation Network (PSP)","SuperVillain Studios, SCE Santa Monica Studio"
Final Fantasy I & II: Dawn of Souls,Final Fantasy I &amp; II: Dawn of Souls features enhanced remakes of Final Fantasy I &amp; II as well as new dungeons to explore.,1994,3.5,"Role-Playing, Compilation",Fantasy,Nintendo,"Game Boy Advance, Nintendo Entertainment System",Square Enix
Final Fantasy VIII,"Final Fantasy VIII featured many new ideas for the Final Fantasy franchise, including: a subplot with a different main character, more realistic character designs, level-scaled enemy encounters, and the replacement of MP and most equipment with a system of card drawing and junctioning.",1999,4,Role-Playing,"Fantasy, Sci-Fi, Anime","Sony, PC","PlayStation, PlayStation Network (PS3), PC","Squaresoft, Square Visual Works"
Final Fight,"Final Fight is a classic beat-em-up game developed by Capcom featuring a memorable cast of characters including the first and only mustachioed ex pro-wrestler turned mayor, Mike Haggar.",1989,4,"Action, Brawler","Crime, Martial Arts","Amstrad, Atari, Commodore, Sinclair Research, Sony, Sega, Microsoft, Arcade, Nintendo, PC, Sharp, Apple","Amiga, Game Boy Advance, Super Nintendo Entertainment System, Amstrad CPC, Atari ST, Commodore 64, ZX Spectrum, PlayStation Portable, PlayStation 2, Sega CD, Xbox, Arcade, Wii Shop, PC, Sharp X68000, iPhone",Capcom
Final Fight: Double Impact,The original arcade versions of Final Fight and Magic Sword are collected in this downloadable release.,2008,4,Brawler,Crime,"Microsoft, Sony","Xbox 360 Games Store, PlayStation Network (PS3)","Proper Games, FATHOM"
Fire Emblem: Ankoku Ryu to Hikari no Tsurugi,"The first game in the Fire Emblem series, released only in Japan for the Famicom. It was a landmark in console strategy RPGs, establishing many of the genre's common gameplay elements.",1990,,"Strategy, Role-Playing",Fantasy,Nintendo,"Nintendo Entertainment System, Wii Shop, Nintendo 3DS eShop",Intelligent Systems
Fire Emblem: Path of Radiance,Fire Emblem: Path of Radiance serves as the first incarnation of the Fire Emblem franchise to embrace the realm of the third dimension while continuing the series' focus on turn based combat in a medieval setting.,2005,4.5,"Strategy, Role-Playing","Fantasy, Anime",Nintendo,GameCube,"Intelligent Systems, Nintendo"
Flying Hamster,Side-scrolling shooter staring Newton the Flying Hamster.,2010,,"Action, Shoot 'Em Up",Comedy,"Sony, Apple","PlayStation Network (PS3), iPhone, PlayStation Network (PSP), PlayStation Network (Vita)",The Game Atelier
Fragile Dreams: Farewell Ruins of the Moon,"After the end of the world, a young boy explores a deserted Tokyo, searching for other people who still live in the dead world, as well as trying to find out what exactly caused the end of society as we know it.",2009,3.67,"Action, Adventure, Role-Playing","Sci-Fi, Anime, Post-Apocalyptic",Nintendo,Wii,tri-Crescendo
Frobot,A puzzle game in which you control a robot with an afro.,2010,,"Action, Adventure",Sci-Fi,"Nintendo, PC","Wii Shop, PC",Fugazo
Ganso Jajamaru-kun,Ganso Jajamaru-kun is an enhanced remake of the original Jajamaru-kun game,1999,,"Action, Platformer",Fantasy,Bandai,WonderSwan,TOSE
Garfield: Saving Arlene,,2006,,Action,,"Sony, PC","PlayStation 2, PC",EKO Software
Gdleen,"The first RPG to ever be released on the Super Famicom, which is loosely based on an anime OVA of the same name.",1991,,Role-Playing,"Fantasy, Sci-Fi",Nintendo,Super Nintendo Entertainment System,Jorudan
Ghouls 'N Ghosts,Ghouls 'n Ghosts is an action-platformer where Knight Arthur sets out on a quest to rescue captured souls from Lucifer (Loki). Ghouls 'n Ghosts is the sequel to Ghost'n Goblins.,1989,5,"Action, Platformer","Horror, Fantasy","Sega, Amstrad, Atari, Commodore, Sinclair Research, Sony, Arcade, Nintendo, Sharp, NEC","Amiga, Genesis, Sega Master System, Amstrad CPC, Atari ST, Commodore 64, ZX Spectrum, PlayStation, Saturn, Arcade, Wii Shop, Sharp X68000, SuperGrafx",Capcom
Giants: Citizen Kabuto,"Take control of one of three radically different factions and lay waste to your enemies with advanced technology, powerful magic, or raw brute strength.",2000,4,"Action, Strategy, Driving/Racing","Sci-Fi, Comedy","Apple, Sony, PC","Mac, PlayStation 2, PC",Planet Moon Studios
Ginga Ninkyouden,Ginga Ninkyouden is an action-brawler from Jaleco. It is known for its many (unlicensed?) cameos from throughout Japanese pop culture.,1987,,"Action, Brawler","Comedy, Anime",Arcade,Arcade,Jaleco
Golden Axe III,Golden Axe III is the third game in the Golden Axe line of fantasy beat 'em ups.,1993,,Brawler,"Fantasy, Martial Arts","Sega, Nintendo, PC","Genesis, Wii Shop, PC",
Goodbye Deponia,The final game in the Deponia trilogy.,2013,4,Adventure,"Sci-Fi, Comedy","Apple, PC","Mac, PC",Daedalic Entertainment
Guacamelee!,Guacamelee! is a side-scrolling Metroidvania style game featuring a luchador on a quest through dual worlds to save El Presidente's daughter.,2013,4.56,"Action, Brawler, Platformer",Comedy,"Apple, Microsoft, Sony, PC, Nintendo, Linux","Mac, Xbox 360 Games Store, PlayStation Network (PS3), PC, Wii U, PlayStation Network (Vita), Xbox One, PlayStation 4, Linux","DrinkBox Studios, Broken Rules"
Gunman Clive,Gunman Clive is a western side-scrolling platformer/shooter for iOS platforms and the 3DS eShop. It has a simple-color sketch aesthetic and takes design inspiration from NES-era titles such as Mega Man and Contra.,2012,3,"Action, Shooter, Platformer","Sci-Fi, Western","PC, Apple, Android, Nintendo","PC, iPhone, iPad, Android, Nintendo 3DS eShop",Horberg Productions
Hugo III: Jungle of Doom,Hugo must risk life and limb in a dangerous jungle to save the lovely Penelope from a poisonous death.,,,Adventure,,PC,PC,Gray Design Associates
Hugo's House of Horrors,"Hugo's House of Horrors is a classic DOS adventure game developed by Gray Design Associates. After the beautiful Penelope is kidnapped by fiendish ghouls and taken to a haunted house, her boyfriend Hugo must enter the spooky home and rescue her!",1990,,"Adventure, Puzzle",Horror,PC,PC,Gray Design Associates
Hunchback,"As Quasimodo, the hunchback of Notre-Dame, players must ring bells while avoiding myriad obstacles.",1984,,"Action, Platformer",,"Amstrad, Microsoft, Sinclair Research, Commodore, Dragon Data, Arcade, PC","Amstrad CPC, Commodore 64, MSX, ZX Spectrum, VIC-20, Dragon 32/64, Arcade, PC",Century Electronics
Hyrule Warriors,"Omega Force, Team Ninja and Nintendo team up for this crossover between the Zelda franchise and the long-running Warriors hack-n-slash series. The game pits Link and friends against hordes of familiar enemies in the signature Warriors fashion.",2014,3,Action,Fantasy,Nintendo,Wii U,"Team Ninja, Omega Force"
Indiana Jones and the Fate of Atlantis,Indiana Jones follows an ancient medallion around the world to discover the secret of Atlantis before the Nazis can wield its terrible power in this classic LucasArts point-and-click adventure.,1992,4,Adventure,"Alternate Historical, World War II","Commodore, Apple, PC, Fujitsu","Amiga, Mac, PC, FM Towns",LucasArts Entertainment Company
Island Peril,"A light-hearted FPS for DOS, in which the player must adventure across an island as protagonist Dick Danger to rescue their girlfriend, Samantha ""Sweet-Cheeks"" Smith, from an antagonist known as ""Evil Boss"".",1995,,"Action, Shooter",Crime,PC,PC,Electric Fantasies
Jackie Chan's Action Kung Fu,Jackie Chan's Action Kung Fu is an action game released by and developed by Hudson Soft for the Nintendo Entertainment System featuring the famous martial artist Jackie Chan,1990,,"Action, Platformer","Fantasy, Martial Arts","NEC, Nintendo","Nintendo Entertainment System, TurboGrafx-16",Nowpro
Jazz Jackrabbit,"Jazz Jackrabbit is a platform game developed by Epic MegaGames (now known as Epic Games). It was released in 1994 for the PC. Jazz Jackrabbit was created by Cliff Bleszinski and Arjan Brussee, and inspired by classic console games such as Super Mario Bros and Sonic The Hedgehog.",1994,,"Action, Shooter, Platformer",Fantasy,PC,PC,Epic Games
Karateka,"A downloadable remake of Karateka; developed by the original creator Jordan Mechner, alongside Liquid Entertainment.",2012,,"Fighting, Action, Adventure",Martial Arts,"Apple, Microsoft, Sony, PC","Xbox 360 Games Store, PlayStation Network (PS3), PC, iPhone, iPad",Liquid Entertainment
Kid Icarus,"Kid Icarus is a 2D platformer released on the Nintendo Entertainment System, famed for its blending together of elements from The Legend of Zelda, Super Mario Bros. and Metroid.",1986,2.33,"Action, Platformer",Fantasy,Nintendo,"Game Boy Advance, Nintendo Entertainment System, Wii Shop, Famicom Disk System, Nintendo 3DS eShop, Wii U","Nintendo, Arika"
King Kong 2: Ikari no Megaton Punch,King Kong 2: Ikari no Megaton Punch (怒りのメガトンパンチ/Megaton Punch of Fury) was only released in Japan for the Famicom. It is very loosely based off of the 1986 film King Kong Lives.,1986,,"Action, Adventure","Horror, Fantasy, Sci-Fi",Nintendo,Nintendo Entertainment System,Konami
King's Knight,King's Knight is a top-down vertically-scrolling shooter and was the first North American release under the Squaresoft label.,1986,,"Action, Role-Playing","Fantasy, Medieval","Microsoft, Nintendo","MSX, Nintendo Entertainment System, Wii Shop",Squaresoft
King's Quest II: Romancing the Throne,"After seeing a damsel in distress in a magic mirror, King Graham sets out on a quest to find her.",1985,,Adventure,"Fantasy, Medieval","Commodore, Atari, Apple, PC","Amiga, Apple II, Atari ST, Apple IIgs, PC",Sierra
King's Quest III: To Heir is Human,To Heir is Human is the third title in Sierra-Online's King's Quest series. The story has moved away from King Graham and onto the adventures of Gwydion and follows his quest to return to Daventry.,1986,,Adventure,"Fantasy, Medieval","Commodore, Atari, Apple, PC","Amiga, Apple II, Atari ST, Apple IIgs, PC",Sierra
King's Quest V: Absence Makes the Heart Go Yonder,"The evil wizard Mordack has taken the castle and royal family of Daventry, and are holding them prisoner. As the only member of the royal family left behind, King Graham must help his family and return the castle.",1990,,Adventure,"Fantasy, Medieval","Commodore, Apple, Nintendo, PC, Fujitsu, NEC","Amiga, Mac, Nintendo Entertainment System, PC, FM Towns, NEC PC-9801",Sierra
"King's Quest VI: Heir Today, Gone Tomorrow",Cassima's trapped in the castle and needs your help.,1992,5,Adventure,"Fantasy, Medieval","Commodore, Apple, PC","Amiga, Mac, PC",Sierra
Kingdom Hearts,A unique mix of Disney and Square Enix characters join spiky-haired hero Sora on his epic journey to save multiple worlds from the evil of the Heartless and find his lost friends Riku and Kairi.,2002,4.21,"Role-Playing, Action, Adventure","Fantasy, Comedy",Sony,PlayStation 2,"Squaresoft, Disney Interactive, Square Visual Works"
Kingdom Hearts II,"Kingdom Hearts II is the third installment in the Kingdom Hearts franchise following after Kingdom Hearts: Chain of Memories, known for its successful combination of Disney and Final Fantasy franchises into a believable plot.",2005,4.48,"Role-Playing, Action, Adventure",Fantasy,Sony,PlayStation 2,"Square Enix, Square Visual Works"
Kong,"Kong (also known popularly as ""Kong 64"") is a Donkey Kong clone for Commodore 64. It is infamous for its bizarre cover art.",1983,,Platformer,,Commodore,Commodore 64,Anirog Software
Kung-Fu Master,"Help Thomas save his girlfriend, Sylvia, as he battles minions and dragons over five side-scrolling, action packed levels, Kung-Fu style. Based on the Jackie Chan movie Wheels on Meals, Kung-Fu Master (Spartan X in Japan) is often credited for creating the beat 'em up genre.",1984,,"Action, Brawler",Martial Arts,"Amstrad, Apple, Commodore, Microsoft, Sinclair Research, Nintendo, Atari, Arcade","Amstrad CPC, Apple II, Commodore 64, MSX, ZX Spectrum, Nintendo Entertainment System, Atari 2600, Atari 7800, Arcade, iPad",Irem
L.A. Noire,L.A. Noire is a detective thriller developed by Team Bondi in Australia and published by Rockstar Games.,2011,4.11,"Action, Shooter, Brawler","Crime, Civil War","Microsoft, Sony, PC","Xbox 360, PlayStation 3, Xbox 360 Games Store, PlayStation Network (PS3), PC","Team Bondi, Rockstar Leeds"
Laplace no Ma,"Laplace no Ma (literally ""Laplace's Demon"") is a Japanese video game released in 1987. You must investigate the death of two boys who were found near the entrance of a mansion.",1987,,"Adventure, Role-Playing",Horror,"Nintendo, NEC, SNK, PC","Super Nintendo Entertainment System, TurboGrafx-CD, Neo Geo CD, PC, NEC PC-8801, NEC PC-9801",Group SNE
Lesbian Spider-Queens of Mars,In the deliberately offensive Lesbian Spider-Queens of Mars you take the role as the titular evil Queen with the mission to recapture your freed slaves.,,,Shooter,Adult,"Apple, PC, Browser","Mac, PC, Browser",
Liquid Kids,Help Hipopo save his friends from the clutches of the Fire Devil!,1990,,"Action, Adventure, Platformer",,"Commodore, Sega, NEC, Arcade","Amiga, Saturn, TurboGrafx-16, Arcade",Taito Corporation
Lock's Quest,"Lock's Quest is a tower defense game for the NDS from 5th Cell Media, featuring real-time strategy, RPG and action game mechanics.",2008,,"Strategy, Role-Playing, Real-Time Strategy",,Nintendo,Nintendo DS,5th Cell Media
Lunar 2: Eternal Blue Complete,Lunar 2: Eternal Blue Complete is the sequel to Lunar: Sliver Star Story. The game features a brand new cast of characters and takes place 1000 years after the events of the original game.,1999,4,Role-Playing,"Fantasy, Anime","Sony, Sega","PlayStation, Saturn","Game Arts, Vanguard Works"
Lunar: Eternal Blue,Lunar: Eternal Blue follows the story of Hiro and Ruby as they attempt to help the Blue Star inhabitant Lucia finish her 'mission'.,1994,,"Adventure, Role-Playing",Fantasy,Sega,Sega CD,"Game Arts, Studio Alex, Vanguard Works"
Lunar: Silver Star Harmony,A remake of Lunar: The Silver Star on the PSP.,2009,4,Role-Playing,"Fantasy, Anime",Sony,"PlayStation Portable, PlayStation Network (PSP)",Game Arts
Lunar: Silver Star Story Complete,A young boy and his friends must embark on an epic journey of friendship and love across the planet of Lunar.,1996,5,Role-Playing,Fantasy,"Sony, Sega, PC","PlayStation, Saturn, PC","Game Arts, Japan Art Media"
Lunar: The Silver Star,"The first game in the Lunar series, and the second highest selling Sega CD game of all time, Lunar tells a story of love, betrayal, and redemption.",1992,,"Adventure, Role-Playing",Fantasy,"Sega, Apple","Sega CD, iPhone","Game Arts, Studio Alex"
MadWorld,"MadWorld is an artistically stylized over the top action game for the Wii created by Platinum Games. The main character, Jack, must compete in a kill or be killed TV show called Death Watch and gains points for the most brutal kills he can pull off.",2009,3.7,"Fighting, Brawler","Horror, Anime, Game Show",Nintendo,Wii,PlatinumGames
Maniac Mansion,"Maniac Mansion is a graphic adventure game originally released in 1987 by Lucasfilm Games. When the innocent Sandy is kidnapped by the maniacal Dr. Fred, it's up to her boyfriend Dave and his friends to her from certain death!",1987,5,Adventure,"Horror, Sci-Fi, Comedy","Apple, Atari, Commodore, Nintendo, PC","Amiga, Apple II, Atari ST, Commodore 64, Nintendo Entertainment System, PC",LucasArts Entertainment Company
Mario & Luigi: Dream Team,The fourth entry in the Mario and Luigi RPG series has Mario traversing dreams within Luigi's mind. Players will have to interact with Luigi on the bottom screen to provoke certain events within his dreams.,2013,1,Role-Playing,"Fantasy, Comedy",Nintendo,"Nintendo 3DS, Nintendo 3DS eShop","AlphaDream, Good Feel"
Mario vs. Donkey Kong: Mini-Land Mayhem,"Control a cadre of Mario miniatures to battle Mario's nemesis, Donkey Kong. It's more focused on creating a path this time.",2010,3,"Action, Adventure, Puzzle, Action, Adventure",,Nintendo,Nintendo DS,"NStorm, Nintendo, Nintendo"
Menace Beach,An unlicensed NES game known mainly for being converted and rereleased as a Christian game under the title Sunday Funday.,1990,,Action,,Nintendo,Nintendo Entertainment System,Color Dreams
Mendel Palace,A puzzle game where you move tiles to push enemies into walls and blocks. Beware the dreaded respawn tile!,1989,,Puzzle,Abstract,Nintendo,"Nintendo Entertainment System, Wii U",Game Freak
Metal Gear Solid,"Originally titled Metal Gear Solid: Ghost Babel, Metal Gear Solid is a Game Boy Color spinoff of the popular stealth action game, Metal Gear Solid.",2000,,"Action, Strategy, Adventure","Espionage, Modern Military",Nintendo,Game Boy Color,Konami
Metal Gear Solid: Digital Graphic Novel,"A collection of Metal Gear Solid comics released as a PSP game. The comics are presented along with music, sound effects, limited animation, and some interactive elements.",2006,,Adventure,"Sci-Fi, Espionage, Modern Military",Sony,PlayStation Portable,Kojima Productions
Metal Gear Solid: The Twin Snakes,"Remake of the acclaimed PlayStation stealth-action action title Metal Gear Solid, developed under supervision of creator Hideo Kojima and legendary Nintendo game designer Shigeru Miyamoto.",2004,3.89,"Action, Adventure","Sci-Fi, Espionage, Modern Military, Martial Arts",Nintendo,GameCube,"Konami, Silicon Knights"
Monkey Kong,A Donkey Kong clone for CoCo and Dragon.,1984,,Action,,"Dragon Data, Tnady, Motorola","Dragon 32/64, TRS-80 CoCo",Med Systems
Mr. Gimmick,A platformer released for the NES late in the system's lifespan. It has gained a cult following thanks to its meticulously designed world and challenging gameplay.,1992,,"Action, Platformer",Fantasy,Nintendo,Nintendo Entertainment System,SunSoft
Musashi: Samurai Legend,This action RPG for the PlayStation 2 is the sequel to Square's Brave Fencer Musashi. Musashi is summoned once again to save the world from the growing threat posed by Gandrake Enterprises.,2005,3,"Role-Playing, Action, Adventure","Fantasy, Comedy, Steampunk",Sony,PlayStation 2,Square Enix
My Hero,"Be a hero in this rudimentary brawler from Sega, which challenges players to beat up foes using jump kicks and glass bottles in order to save your girl.",1985,,"Action, Brawler",,"Sega, Arcade","Sega Master System, Arcade",Coreland
Mystic Ark,"Mystic Ark is the spiritual successor to The 7th Saga, you play as a mute hero finding their way back to their own world.",1995,,"Adventure, Role-Playing","Fantasy, Sci-Fi, Alternate Historical, Medieval",Nintendo,Super Nintendo Entertainment System,Produce
Nano Breaker,"Nanobreaker is a hack-and-slash game set in an apocalyptic future populated by ""Orgamechs"" and is most notably known for the copious amount of blood spilled during combat.",2005,1,Action,Sci-Fi,Sony,PlayStation 2,Konami
NES Remix,8-bit NES classic games with new twists and challenges.,2013,4,Minigame Collection,,Nintendo,Wii U,"Indies Zero, Nintendo"
New Super Mario Bros.,Mario must use all of his abilities as well as several new power ups to rescue Princess Peach from the clutches of Bowser Junior in the first Super Mario Bros. game for the DS.,2006,4.4,Platformer,"Fantasy, Superhero",Nintendo,Nintendo DS,Nintendo
Ninja Gaiden II: The Dark Sword of Chaos,"The sequel to Tecmo's action packed platformer, Ninja Gaiden II: The Dark Sword of Chaos improves upon the gameplay concept of the original by adding new features like the ability to scale walls and to create Shadow Clones.",1990,5,"Action, Platformer",Martial Arts,"Nintendo, PC","Nintendo Entertainment System, Wii Shop, PC, Nintendo 3DS eShop",Tecmo
Ninja Gaiden Trilogy,"A compilation of the first three Ninja Gaiden titles. This version features updated visuals and music with certain drawbacks and limitations, including non-configurable controls.",1995,,"Action, Adventure",Martial Arts,Nintendo,Super Nintendo Entertainment System,Tecmo
Nosferatu,Nosferatu has taken Kyle's girlfriend and now she must be rescued before her soul sinks into darkness. Kyle will have to battle his way through the castle of the wicked vampire to and save his beloved Erin.,1994,,"Platformer, Action, Adventure",Horror,Nintendo,Super Nintendo Entertainment System,SETA Corporation
Onimusha: Warlords,In Onimusha: Warlords you follow the young samurai Samanosuke as he explores Inabayama Castle searching for Princess Yuki.,2001,5,"Action, Adventure","Horror, Alternate Historical","Sony, PC","PlayStation 2, PC",Capcom
Paper Mario,"The second Mario themed RPG, Bowser has stolen the Star Rod and has now has near limitless power. Mario goes on a quest to save the Seven Star Spirits, and retrieve the Star Rod from Bowser in order to save Princess Peach and the Mushroom Kingdom.",2000,4.5,"Adventure, Role-Playing, Platformer","Fantasy, Comedy",Nintendo,"Nintendo 64, Wii Shop",Intelligent Systems
Paper Mario: The Thousand-Year Door,"In his second paper-themed adventure, Mario must once again rescue the captured princess while he foils the X-Nauts' plans. The Thousand-Year Door features a turn-based battle system with real-time elements.",2004,4.55,"Action, Role-Playing","Fantasy, Comedy",Nintendo,GameCube,Intelligent Systems
Penguin Adventure,"It's a race to save the penguin princess in this speed-based platformer. Collect fish and trade for items, navigate obstacles, fight massive bosses, and help Pentarou deliver the golden apple to cure the princess in this sequel to Antarctic Adventure.",1986,,"Action, Adventure",,"Microsoft, Nintendo","MSX, Wii Shop",Konami
Peter Jackson's King Kong: The Official Game of the Movie,"When the beautiful Ann Darrow is kidnapped by the inhabitants of Skull Island, Jack and his team must fight their way through the island's prehistoric inhabitants and hostile environments, solving puzzles and fending off attackers, all in search of her. But unfortunately for them, so is a giant ape.",2005,2.86,"Action, Adventure",,"Sony, Microsoft, Nintendo, PC","Game Boy Advance, PlayStation Portable, PlayStation 2, Xbox 360, GameCube, Xbox, Nintendo DS, Xbox 360 Games Store, PC","Ubisoft, Ubisoft, Ubisoft"
Peter's Quest: For The Love of Daphne,An obscure platformer for the Amiga. Players control peter on his quest through 20 levels in which he much collect hearts to save his girlfriend Daphne.,,,Platformer,,Commodore,Amiga,
Pinball Quest,The only game ever to combine RPG-like character development and.... pinball?!,1989,,"Adventure, Role-Playing, Pinball",Fantasy,Nintendo,Nintendo Entertainment System,TOSE
Popeye,"Every third round, Olive needs rescuing",1982,,Action,"Comedy, Comic Book","Commodore, Nintendo, Coleco Industries, Texas Instruments, Mattel, Magnavox, Atari, Arcade","Commodore 64, Nintendo Entertainment System, Atari 8-bit, Atari 2600, ColecoVision, TI-99/4A, Intellivision, Odyssey 2, Atari 5200, Arcade",Nintendo
Power Blade II,,1992,,Action,Sci-Fi,Nintendo,Nintendo Entertainment System,Taito Corporation
Prey,Aliens turned Tommy's world upside down. It's about time he returned the favor.,2006,3.55,"Action, Shooter, Shooter",Sci-Fi,"Apple, Microsoft, PC, Zeebo","Mac, Xbox 360, PC, Zeebo","Human Head Studios, Venom Games"
Prince of Persia,Prince of Persia is the original Persian adventure by Jordan Mechner and the first game in a multi-million dollar franchise.,1989,1,"Platformer, Action, Adventure",Fantasy,"Amstrad, Atari, Commodore, Sinclair Research, Apple, Nintendo, Sega, NEC, PC","Amiga, Game Boy, Game Gear, Genesis, Sega Master System, Super Nintendo Entertainment System, Amstrad CPC, Apple II, Atari ST, Commodore 64, ZX Spectrum, Mac, Nintendo Entertainment System, Sega CD, TurboGrafx-CD, TurboGrafx-16, Game Boy Color, Wii Shop, PC, iPhone, Nintendo 3DS eShop","Red Orb Entertainment, Domark Software, Broderbund Software"
Prince of Persia Classic,"A remake of the first Prince of Persia, the player controls the Prince as he attempts to save the Princess from the evil Vizier Jaffar.",2007,4,"Action, Puzzle, Platformer",Egyptian,"Microsoft, Sony, Apple, Android","Xbox 360 Games Store, PlayStation Network (PS3), iPhone, Android","Gameloft, Ubisoft"
Protect Me Knight,Choose between four unique classes to protect your princess from invading monster in this Ancient developed 8-bit throwback action game for Xbox Live Indie Games.,2010,4.75,Action,"Fantasy, Anime, Medieval",Microsoft,Xbox 360 Games Store,Ancient
Ranger X,The Homeworld has been invaded by the Edgezone terrorists and it is up to Ranger X to save the day!,1993,,"Action, Shooter","Sci-Fi, Post-Apocalyptic",Sega,Genesis,Nex Entertainment
Raw Danger,"In 2010, catastrophe strikes the city of Del Ray as the levees that protect the municipality fail and the Cascade Lake begins to drown the city.",2007,5,"Action, Adventure",,Sony,PlayStation 2,Irem
Ray-Gun,"An adult RPG about a man named George who travels through six different worlds in order to find his fiancée, who was captured by mechanical beasts called ""Steroids"".",1990,,Role-Playing,"Anime, Adult","Microsoft, Sharp, NEC","MSX, Sharp X68000, NEC PC-8801, NEC PC-9801",Elf
Rayman 2: The Great Escape,Help to repair the damage done to the world and repel an evil pirate invasion in this critically acclaimed platforming adventure.,1999,4,Platformer,"Fantasy, Comedy","Sega, Nintendo, Sony, PC, Apple","PlayStation 2, PlayStation, Dreamcast, Nintendo 64, Nintendo DS, Game Boy Color, PlayStation Network (PS3), PC, iPhone, PlayStation Network (PSP), Nintendo 3DS, PlayStation Network (Vita)","Ubisoft, Gameloft, Ubisoft, Ubisoft, DC Studios"
Red Steel,"Red Steel was one of the initial First Person Shooters available for the Wii at the system's launch, and one of the first games to make significant use of the Wii's motion-sensitive hardware.",2006,2.5,"Action, Shooter",Martial Arts,Nintendo,Wii,Ubisoft
Resident Evil Revival Selection,A port compilation including HD versions of Resident Evil 4 and Resident Evil Code: Veronica.,2011,,"Action, Action, Adventure","Horror, Sci-Fi","Microsoft, Sony","Xbox 360, PlayStation 3",Capcom
Rise to Honor,Jet Li stars as police officer Kit Yun as he fights his way from Hong Kong to San Francisco to fulfill a dead man's wish.,2004,2,"Action, Adventure",Martial Arts,Sony,PlayStation 2,Sony
Rocket Ranger,Don your jetpack and take the fight to the surprisingly Nazi-like aliens who have invaded the Earth in this 1988 NES classic.,1988,,"Action, Adventure","Alternate Historical, Superhero","Apple, Atari, Commodore, Nintendo, PC","Amiga, Atari ST, Commodore 64, Nintendo Entertainment System, Apple IIgs, PC",Cinemaware
Rocky Rodent,"Like a combination of Sonic the Hedgehog and the Tazmanian Devil, Rocky Rodent is another drop in the ""Mascots with Attitude"" bucket.",1993,,"Action, Platformer","Comedy, Steampunk, Crime",Nintendo,Super Nintendo Entertainment System,Irem
Rygar: The Legendary Adventure,A 3D character action game for the PS2 that reimagines the 2D sidescroller Rygar.,2002,,"Action, Action, Adventure",Fantasy,Sony,"PlayStation 2, PlayStation Network (PS3)",Tecmo
Samurai Warrior: The Battles of Usagi Yojimbo,Samurai Warrior was a computer game based on the Usagi Yojimbo comic book.,1988,,"Action, Adventure",Alternate Historical,"Amstrad, Commodore, Sinclair Research","Amstrad CPC, Commodore 64, ZX Spectrum, Amstrad CPC, Commodore 64, ZX Spectrum",Krome Studios Melbourne
Shadow Complex,"A modern expansion of the Metroidvania concept, Shadow Complex is a downloadable side-scrolling action-adventure platformer (for the Xbox 360) set in the near future, where reluctant hero Jason Fleming must investigate a mysterious and dangerous organization to rescue his new girlfriend.",2009,4.67,"Action, Shooter",Sci-Fi,Microsoft,Xbox 360 Games Store,"Epic Games, Chair Entertainment"
Shadow of the Beast II,,1990,,"Action, Puzzle, Platformer",Fantasy,"Commodore, Sega, Atari, Fujitsu","Amiga, Genesis, Atari ST, Sega CD, FM Towns",Ubisoft
Shadows of the Damned,"As demon hunter Garcia ""F**king"" Hotspur, players must venture into Hell itself in order to rescue Paula, Garcia's innocent girlfriend, from the sadistic torments of Fleming, the Lord of Demons.",2011,3.96,Shooter,"Horror, Comedy","Microsoft, Sony","Xbox 360, PlayStation 3","Grasshopper Manufacture, DIGITAL Hearts Co."
Shalom: Knightmare III,A fantasy adventure game where a regular college student is drawn into the world of Konami's Knightmare series.,1987,,Adventure,Fantasy,Microsoft,MSX,Konami
Sheriff,"1979 arcade shooter by Nintendo where the player must fight sixteen surrounding desperadoes. A precursor to Donkey Kong, it was designed by Genyo Takeda, with assistance from Shigeru Miyamoto, working on his first video game. Possibly the first run &amp; gun shooter, it also introduced the damsel-in-distress trope to gaming as well as continuous background music.",1979,,"Action, Shooter, Shooter, Shoot 'Em Up",Western,Arcade,Arcade,Nintendo
Shining Force II,"The demon lord Zeon has been set free by an unwitting thief. It is the job of Bowie, a young hero from the Kingdom of Granseal, to lead the Shining Force to victory in this Tactical RPG from Sega.",1993,,"Strategy, Role-Playing",Fantasy,"Sega, Nintendo, PC","Genesis, Wii Shop, PC",Camelot Software Planning
Sid Meier's Pirates!,"Remake of the original Sid Meier's pirates, placing you in the role of a pirate searching for his kidnapped family. Battle rival pirates on the high seas and command an ever-growing crew of pirates as you work towards becoming a legendary pirate.",2004,4.5,"Strategy, Role-Playing, Simulation, Real-Time Strategy, Action, Adventure","Dating, Crime, Aquatic","Apple, Sony, Microsoft, Nintendo, PC","Mac, PlayStation Portable, Xbox, Wii, PC, iPhone, iPad, Windows Phone","Firaxis Games, Full Fat Productions, Virtuos"
Sideway: New York,A platform adventure game for the PlayStation Network and PC.,2011,3,"Adventure, Platformer",,"Sony, PC","PlayStation Network (PS3), PC","Playbrains, Fuel Industries"
Silver,"Step into the shoes of the young hero David to rescue the abducted women of Jarrah, including David's wife, Jennifer, from the evil fangs of the malicious sorcerer known as Silver.",1999,3,"Action, Role-Playing",Fantasy,"Apple, Sega, PC","Mac, Dreamcast, PC",Spiral House
Skate or Die: Bad 'N Rad,A skateboarding game released for the original Game Boy that featured side-scrolling/top-down platforming action.,1990,,"Action, Skateboarding, Platformer",,Nintendo,Game Boy,Konami
Smart Ball,A simple SNES platform game in which the player has been transformed into a blue ball and must embark on a journey to stop an evil witch.,1991,,Platformer,Fantasy,Nintendo,Super Nintendo Entertainment System,"Game Freak, System Sacom"
Smurf: Rescue in Gargamel's Castle,Smurf: Rescue in Gargamel's castle puts eveyone's favorite Belgium woodland creature in a daring adventure where he must jump over fences in search of Smurfette.,1982,,Action,,"Atari, Coleco Industries","Atari 2600, ColecoVision",Coleco
Sonic Blast Man,A superhero brawler franchise developed by Taito for the Arcades before moving to the SNES.,1992,,"Action, Brawler",Superhero,"Nintendo, Arcade","Super Nintendo Entertainment System, Arcade","Taito Corporation, ITL"
Sonic CD,"Sonic the Hedgehog's sole adventure for the Sega CD, as he travels through time to save the fate of Little Planet from Dr. Robotnik's army of robots (including Sonic's new adversary: his metallic doppelganger).",1993,4.33,"Action, Platformer","Fantasy, Sci-Fi, Anime, Post-Apocalyptic","Sega, Microsoft, Sony, PC, Apple, Android, Ouya","Sega CD, Xbox 360 Games Store, PlayStation Network (PS3), PC, iPhone, iPad, Android, Windows Phone, Ouya","Sonic Team, BlitWorks"
Space Ace,"A Laserdisc-based animated reaction game. Space Ace must save his girlfriend, Kimberly from the evil alien, Borf in this follow up to Dragon's Lair.",1984,,Adventure,,"Commodore, 3DO, Phillips, Atari, Sega, Arcade, Sony, PC, Apple, Nintendo, RDI Video Systems","Amiga, Super Nintendo Entertainment System, Atari ST, Commodore 64, 3DO, CD-i, Jaguar, Sega CD, Wii, Arcade, PlayStation Network (PS3), PC, iPhone, DSiWare, RDI Halcyon","Probe Entertainment, RDI Video Systems"
Sparkster,Sort of a spin-off game to the Genesis game known as Rocket Knight Adventures. A Genesis game was released at the same time but was a more direct sequel.,1994,,"Action, Platformer",Fantasy,Nintendo,Super Nintendo Entertainment System,Konami
Spelunky,"As a brave, but fragile adventurer, explore dangerous procedurally-generated caves to collect treasure and gain better equipment, before dying horribly and starting all over again.",2009,4.73,"Puzzle, Platformer, Action, Adventure","Sci-Fi, Mayan","Microsoft, Sony, PC","Xbox 360 Games Store, PlayStation Network (PS3), PC, PlayStation Network (Vita), PlayStation 4","Mossmouth, BlitWorks"
Spider-Man: The Movie,A game based on Marvel's superhero and on the first movie of the Spider-Man franchise. It also featured many villains that did not appear in the movie.,2002,,"Action, Adventure","Crime, Superhero","Sony, Microsoft, Nintendo, PC","Game Boy Advance, PlayStation 2, GameCube, Xbox, PC","Digital Eclipse Software, Treyarch, Westlake Interactive"
Spinmaster,,1994,,"Action, Platformer",Fantasy,"SNK, Arcade, Nintendo, Zeebo","Neo Geo, Arcade, Wii Shop, Zeebo",Data East
Splatterhouse,"Splatterhouse revisits Rick Taylor as he tries to rescue his girlfriend Jennifer from the evil clutches of Dr. West. In the process, he must battle against evil beings known as the ""Corrupted"" in bloody and brutal combat.",2010,3.08,"Action, Brawler","Horror, Sci-Fi, Comedy","Microsoft, Sony","Xbox 360, PlayStation 3","Bandai Namco Games, Bottlerocket Entertainment"
Sqrxz III,Sqrxz must rescue his girlfriend from the forces of evil in this third outing from Retroguru.,2011,,Platformer,,"Commodore, Apple, Sega, PC, GamePark, Linux","Amiga, Mac, Dreamcast, PC, GamePark 32, Linux",Retroguru
Star Fox Adventures,"Rare's last game for a major Nintendo console, Star Fox Adventures is a spin-off action-adventure game (in the Star Fox series of shooters) starring Fox McCloud, who must find a way to save the aptly-named Dinosaur Planet from destruction.",2002,3.44,"Action, Adventure, Shooter, Flight Simulator","Fantasy, Sci-Fi",Nintendo,GameCube,Rare
Super Ghouls 'N Ghosts,"Sequel to the classic action-platformer Ghouls 'N Ghosts, once again sending Arthur on a brutally difficult quest.",1991,4,"Action, Platformer","Horror, Fantasy, Sci-Fi","Sony, Sega, Nintendo","Game Boy Advance, Super Nintendo Entertainment System, PlayStation, Saturn, Wii Shop",Capcom
Super Mario 64 DS,"A remake of the original Nintendo 64 classic, Super Mario 64 DS adds 30 new stars, three new playable characters and 36 mini-games utilizing the touch screen.",2004,3.86,"Minigame Collection, Platformer, Action, Adventure",Fantasy,Nintendo,Nintendo DS,Nintendo
Super Mario Bros.,"Focusing on a humble plumber and his brother setting out to rescue a Princess who has been kidnapped by a vile lizard king, Super Mario Bros. is a platformer created by Shigeru Miyamoto, published by Nintendo, and is one of the best selling video games of all time.",1985,4.73,Platformer,Fantasy,Nintendo,"Game Boy Advance, Nintendo Entertainment System, Wii Shop, Famicom Disk System, Nintendo 3DS eShop, Wii U","Nintendo, SRD"
Super Mario Bros. 3: Super Mario Advance 4,Super Mario Advance 4 is the Game Boy Advance remake of Super Mario Bros. 3 on the NES.,2003,5,"Adventure, Platformer",Fantasy,Nintendo,Game Boy Advance,Nintendo
Super Mario Land,Princess Daisy of Sarasaland has been kidnapped by the evil alien Tatanga and it's up to Mario to rescue her in this handheld platformer (and launch title) for the original Game Boy.,1989,3.6,"Platformer, Shoot 'Em Up","Fantasy, Egyptian",Nintendo,"Game Boy, Nintendo 3DS eShop",Nintendo
Super Mario RPG: Legend of the Seven Stars,Join Mario in his first RPG adventure! Explore new and previously unseen areas of the Mushroom Kingdom on a quest to stop the mechanical Smithy on a path of conquest in this collaboration between Square and Nintendo.,1996,4.91,"Adventure, Role-Playing",Fantasy,Nintendo,"Super Nintendo Entertainment System, Wii Shop","Squaresoft, Square Enix"
Super Mario Sunshine,"Peach, as usual...",2002,4.14,"Platformer, Action, Adventure",Fantasy,Nintendo,GameCube,Nintendo
Super Meat Boy,"When his beloved Bandage Girl is kidnapped by the evil Dr. Fetus, the diminutive yet plucky Meat Boy springs into action!",2010,4.61,Platformer,Comedy,"Apple, Microsoft, PC, Linux","Mac, Xbox 360, PC, Linux",Team Meat
Super Smash Bros. Brawl,"Strap on your fighting shoes and get ready to brawl in the first Smash Bros. game for the Wii. Super Smash Bros. Brawl is one of the best-selling Wii games, selling over 4.85 million units worldwide.",2008,4.59,"Action, Fighting, Brawler",Fantasy,Nintendo,Wii,"Sora, Game Arts, Toylogic, Paon Corporation, Monolith"
Superfrog,"Superfrog is a high production value, side scrolling platformer with elements taken from many other games from the same genre including Mario and Sonic the Hedgehog.",1993,,"Action, Platformer, Shoot 'Em Up, Gambling","Fantasy, Egyptian","Commodore, PC","Amiga, Amiga CD32, PC",Team17 Software
Syberia,"Kate Walker, a successful lawyer, travels to find Hans, the sole heir to a factory and eventually ends up on a journey to find him and the once thought to be extinct Mammoths.",2002,,Adventure,Steampunk,"Microsoft, Nintendo, Sony, PC, Android","PlayStation 2, Xbox, Nintendo DS, PlayStation Network (PS3), PC, Android",Microids
Takahashi Meijin no Bouken Jima IV,Last Adventure Island game for NES.,1994,,"Action, Platformer",,Nintendo,Nintendo Entertainment System,Hudson Entertainment
Tales of Legendia,"Tales of Legendia is the second full 3D game of the Tales Series. It follows Senel Coolidge and his sister Shirley, who get into a shipwreck and get stuck on a huge boat called the Legacy. Throughout the game you meet several different characters that will join your party.",2006,2.5,"Action, Role-Playing","Fantasy, Anime",Sony,PlayStation 2,"Project Soul, Dagmusic, 8-4, Namco"
Tales of Monkey Island Chapter 1: Launch of the Screaming Narwhal,"Telltale resurrects the much-loved pirate adventure franchise with Tales of Monkey Island, a five-part episodic series continuing the adventures of Guybrush Threepwood, this being the first.",2009,4,Adventure,Comedy,"Apple, Nintendo, Sony, PC","Mac, Wii Shop, PlayStation Network (PS3), PC, iPhone, iPad",Telltale Games
Tales of Rebirth,"Tales of Rebirth is the sixth main entry of Namco's Tales series of video games. Tales of Rebirth is set in a world where humans (called Humas) and Gajumas (beast people) coexist in relative peace.Rebirth breaks slightly from the series with a new take on the Linear Motion Battle System, the so-called ""Three-Line Linear Motion"" system. The player's characters and enemies are placed on three different planes and the player has the ability to switch between these planes during battle.",2004,,"Action, Adventure, Role-Playing",,Sony,"PlayStation Portable, PlayStation 2","Namco, Namco"
Tales of Symphonia,Tales of Symphonia is a cel-shaded action RPG and is another game in Namco's Tales series. It expands upon the series' battle system and emphasizes on relationships with other characters by the decisions you make throughout the game.,2004,4.71,"Action, Role-Playing","Fantasy, Anime","Sony, Nintendo","PlayStation 2, GameCube, PlayStation 3","Namco, Namco"
Tales of the Abyss,Tales of the Abyss is the eighth main game in the Tales series.,2005,4,"Action, Role-Playing","Fantasy, Anime","Sony, Nintendo","PlayStation 2, Nintendo 3DS, Nintendo 3DS eShop","Namco, 8-4, DIGITAL Hearts Co."
Tales of Vesperia,"Tales of Vesperia is a Japanese Role-Playing Game and the first entry in the long-running ""Tales of"" franchise on seventh-generation consoles.",2008,4.53,"Role-Playing, Action, Adventure","Fantasy, Anime","Microsoft, Sony","Xbox 360, PlayStation 3, Xbox 360 Games Store","Namco, 8-4"
Tenchu: Shadow Assassins,"The first Tenchu game to arrive on the Nintendo Wii, Tenchu: Shadow Assassins is the fourth game in the main series. Players once again reprise the roles of Rikimaru and Ayame in this stealth ninja action game.",2008,2,"Action, Adventure","Espionage, Martial Arts","Sony, Nintendo","PlayStation Portable, Wii","Acquire, 8-4"
The Adventures of Bayou Billy,"The Adventures of Bayou Billy is an action game released for the NES by Konami. The game is primarily a side-scrolling beat-em-up, but it also includes driving and shooting segments.",1988,,"Action, Driving/Racing, Shooter, Brawler, Platformer",,Nintendo,Nintendo Entertainment System,Konami
The Black Cauldron,"Based on the novel and movie, The Black Cauldron was a graphical adventure game developed by veteran game designer Al Lowe and published by Sierra Entertainment. The game was notable for utilizing function keys instead of the common text parser system.",1986,,Adventure,Fantasy,"Commodore, Atari, Apple, PC","Amiga, Apple II, Atari ST, Apple IIgs, PC",Sierra
The Bouncer,"Squaresoft's first PS2 release, The Bouncer is a beat'em up that features RPG mechanics and a branching story path. It tells the tale of three bouncers that fight to rescue a girl from the clutches of a megalomaniacal CEO. The game was known for its production values, introducing a juggling physics engine and graphical techniques such as bloom lighting and depth-of-field effects.",2000,3.33,"Action, Role-Playing, Brawler","Sci-Fi, Anime, Martial Arts",Sony,PlayStation 2,"Dream Factory, Squaresoft, Square EA, Square Visual Works"
The Darkness,"On his 21st birthday, Jackie Estacado gets possessed by an entity known as The Darkness. After getting into trouble with the Mafia, Jackie finds himself on the run, trying to protect the people most important to him.",2007,3.75,"Action, Shooter","Horror, Fantasy","Microsoft, Sony","Xbox 360, PlayStation 3",Starbreeze Studios
The Denpa Men: They Came By Wave,"A dungeon crawler with nods to Pikmin, Dragon Quest and Pokemon. Use the 3DS camera to capture Denpa Men to build your party.",2012,,Role-Playing,"Fantasy, Comedy",Nintendo,Nintendo 3DS eShop,Genius Sonority
The Legend of Heroes: Trails in the Sky,The first game in the Legend of Heroes VI Sora no Kiseki trilogy. Follow Estelle and Joshua Bright on their journey to become Senior Bracers.,2004,5,Role-Playing,Fantasy,"Sony, PC","PlayStation Portable, PlayStation 3, PC, PlayStation Network (PSP), PlayStation Vita, PlayStation Network (Vita)",Nihon Falcom
The Legend of Zelda,A young boy explores a huge overworld filled with enemies and dungeons to find and rescue Princess Zelda from the evil Ganon.,1986,4.33,"Action, Adventure",Fantasy,Nintendo,"Game Boy Advance, Nintendo Entertainment System, Wii Shop, Famicom Disk System, Nintendo 3DS eShop, Wii U",Nintendo
The Legend of Zelda Wii U (Working Title),The first original installment of the Zelda series in HD on the Wii U goes back to open world design with a focus on free exploration of a large scale environment and dangerous enemies.,2015,,"Action, Adventure",Fantasy,Nintendo,Wii U,Nintendo
The Legend of Zelda: A Link Between Worlds,The first original The Legend of Zelda game on the Nintendo 3DS and also a direct sequel to The Legend of Zelda: A Link to the Past set six generations after.,2013,5,"Action, Adventure","Fantasy, Medieval",Nintendo,"Nintendo 3DS, Nintendo 3DS eShop","Nintendo, Monolith, SRD"
The Legend of Zelda: A Link to the Past,"The third installment in the Zelda series makes a return to the top-down 2D gameplay found in the first game. This time around, Link needs to travel between the light and dark world in order to set things straight in the kingdom of Hyrule.",1991,4.75,"Action, Adventure",Fantasy,Nintendo,"Super Nintendo Entertainment System, Wii Shop, Wii U","Nintendo, SRD"
The Legend of Zelda: A Link to the Past & Four Swords,A Game Boy Advance remake of the SNES classic featuring an all new Four Swords multiplayer component.,2002,,"Action, Adventure",Fantasy,Nintendo,Game Boy Advance,"Flagship, Nintendo, SRD"
The Legend of Zelda: Four Swords Adventures,"Create four-player mayhem to either vanquish the evil hordes of Vaati, or to blast each other into submission using the GBA link cable.",2004,4,"Action, Adventure",Fantasy,Nintendo,GameCube,Nintendo
The Legend of Zelda: Ocarina of Time,"The Legend of Zelda: Ocarina of Time is considered to be one of the greatest games of all time, due in large part to the seamless unity between traditional Zelda gameplay and the bold, artistic, 3D environment in which it is presented.",1998,4.77,"Role-Playing, Action, Adventure",Fantasy,Nintendo,"Nintendo 64, Wii Shop",Nintendo
The Legend of Zelda: Ocarina of Time 3D,"The Hero of Time's classic adventure gets a 3D makeover in Ocarina of Time 3D, a fully remastered and enhanced handheld version of one of the highest rated video games of all time. Also includes a mirrored version of Ocarina of Time: Master Quest, originally only available in limited quantities for the GameCube.",2011,4.8,"Action, Adventure",Fantasy,Nintendo,"Nintendo 3DS, Nintendo 3DS eShop","Grezzo, Nintendo"
The Legend of Zelda: Oracle of Ages,One of a pair of Zelda games released simultaneously for the Game Boy Color. Oracle of Ages gives Link the ability to travel through time.,2001,5,"Action, Adventure",Fantasy,Nintendo,"Game Boy Color, Nintendo 3DS eShop","Flagship, Pure Sound"
The Legend of Zelda: Oracle of Seasons,"The Legend of Zelda: Oracle of Seasons is one of the two Oracle games released on the Game Boy Color. It featured the ability to change the four seasons as Link went on a quest to save the Oracle of Seasons, Din.",2001,5,"Action, Adventure",Fantasy,Nintendo,"Game Boy Color, Nintendo 3DS eShop","Flagship, Pure Sound"
The Legend of Zelda: Phantom Hourglass,"The first Zelda handheld game developed by Nintendo EAD since Link's Awakening, the game continues the story of Link and his Pirates to find a new Hyrule, but are detoured by a Ghost Ship. Controlled entirely by Touch Screen, it is one of the best selling games in the series.",2007,4.2,"Action, Adventure",Fantasy,Nintendo,Nintendo DS,"Nintendo, SRD"
The Legend of Zelda: Skyward Sword,"Link descends from his floating continent home to explore the dark and dangerous world below with the help of a magical sword, in this latest instalment of the Legend of Zelda series.",2011,4.32,"Action, Adventure","Fantasy, Medieval",Nintendo,Wii,"Nintendo, Monolith, Nintendo, SRD"
The Legend of Zelda: Spirit Tracks,"Set 100 years after the events of The Wind Waker and Phantom Hourglass, Spirit Tracks introduces a new Hyrule where technology has advanced to the steam age, and an evil force, long-sealed in a tower, has been freed.",2009,3.95,"Action, Adventure",Fantasy,Nintendo,Nintendo DS,"Nintendo, SRD"
The Legend of Zelda: The Minish Cap,Link dons a talking hat named Ezlo as he sets out on a quest to save Princess Zelda and defeat the evil wizard Vaati.,2004,4.17,"Action, Adventure",Fantasy,Nintendo,"Game Boy Advance, Nintendo 3DS eShop, Wii U","Flagship, Capcom"
The Legend of Zelda: Twilight Princess,Link must rescue Zelda in TP,2006,4.18,"Action, Adventure","Fantasy, Medieval",Nintendo,"GameCube, Wii",Nintendo
The Magic of Scheherazade,"One of the first action RPGs, The Magic of Scheherazade was a Culture Brain title for the NES (1989) and Famicom (1987, as Arabian Dream Scheherazade).",1987,,"Action, Adventure, Role-Playing, Action, Adventure","Fantasy, Medieval",Nintendo,Nintendo Entertainment System,"Culture Brain, Micro Academy, Culture Brain"
The Matrix: Path of Neo,"Play through the events of all three Matrix films as Neo, with an alternate ending written by the Wachowski brothers.",2005,4,"Action, Brawler","Sci-Fi, Comedy, Cyberpunk, Martial Arts","Microsoft, Sony, PC","PlayStation 2, Xbox, PC",Shiny Entertainment
The Powerpuff Girls: Defenders of Townsville,"A Powerpuff Girls ""metroidvania"" style action game from Radiangames.",2014,,"Action, Adventure","Fantasy, Sci-Fi, Comedy","Apple, PC, Linux","Mac, PC, Linux",Radiangames
The Shoot,"Shoot cowboys, robots, gangsters, and zombies, while trying to impress your fickle director in this rail shooter for the PlayStation Move.",2010,,Shooter,"Horror, Western",Sony,PlayStation 3,Cohort Studios
The Smurfs,,1993,,"Action, Platformer",,"Nintendo, Sega","Game Boy, Genesis, Sega Master System, Nintendo Entertainment System","Atari, Bit Managers"
The Three Stooges,The Stooges must save their fiancees from a mad scientist in this arcade game.,1984,,Action,Comedy,Arcade,Arcade,Mylstar Electronics
The Tower of Druaga,"Players climb the tower, defeat Druaga and rescue Princess Ki in this maze-style action role-playing game from Namco.",1984,,"Role-Playing, Action, Adventure","Fantasy, Alternate Historical","Microsoft, Nintendo, NEC, Arcade","Game Boy, MSX, Nintendo Entertainment System, TurboGrafx-16, Arcade, Wii Shop, Nintendo 3DS eShop","Namco, GAME STUDIO"
Thousand Arms,Thousand Arms is a JRPG game with dating sim elements. Help Meis Triumph upgrade his weapons by combining love and a red hot forge. Don't forget to use said weapons to destroy the evil robotic Dark Acolytes.,1998,4,Role-Playing,"Fantasy, Dating, Comedy, Steampunk, Anime",Sony,PlayStation,"Red Entertainment Corporation, TOSE"
TimeSplitters 2,"TimeSplitters 2 is a frantic rush through time to rescue the Time Crystals from the evil TimeSplitters, who would like nothing more than to end mankind's existence.",2002,5,Shooter,"Sci-Fi, Alternate Historical, Comedy, Modern Military, Crime, Mayan","Sony, Nintendo, Microsoft","PlayStation 2, GameCube, Xbox",Crytek
Toki: Going Ape Spit,A platformer developed by TAD Corporation.,1989,,"Action, Platformer",Comedy,"Sega, Atari, Commodore, Nintendo, Arcade","Amiga, Genesis, Atari Lynx, Atari ST, Commodore 64, Nintendo Entertainment System, Arcade","Tad Corporation, Ocean Software, Atari, Taito Corporation, Megasoft"
Tomb Raider,"A young and inexperienced Lara Croft is shipwrecked on a mysterious island in an open world action-adventure game, departing from the mood of prior games in the series.",2013,4.08,"Platformer, Action, Adventure",,"Apple, Microsoft, Sony, PC","Mac, Xbox 360, PlayStation 3, Xbox 360 Games Store, PlayStation Network (PS3), PC, Xbox One, PlayStation 4","Crystal Dynamics, Eidos, Nixxes Software, United Front Games, Square Visual Works"
Tomba! 2: The Evil Swine Return,"A sequel to the original Tomba!, Tomba! 2 is a platformer adventure game released for the PlayStation in 1999.",1999,5,"Action, Adventure, Platformer","Fantasy, Comedy",Sony,"PlayStation, PlayStation Network (PS3)",Whoopee Camp
Totally Rad,"A totally righteous dude, Jake, has to save his righteous babe, Allison, from the evil Edogy in this extremely 80's NES game.",1990,3,"Action, Adventure",,Nintendo,Nintendo Entertainment System,Aicom
Trampoline Terror!,Trampoline Terror! Is a platform game that involves loads of floating trampolines and one gymnast who must save the princess from a destructive evil empire.,1990,,"Action, Puzzle, Platformer",,Sega,Genesis,
True Crime: Streets of LA,Activision's open world adventure game puts you in the role of an undercover Los Angeles Cop.,2003,5,"Action, Driving/Racing, Fighting, Shooter","Sci-Fi, Crime, Martial Arts","Apple, Sony, Microsoft, Nintendo, PC","Mac, PlayStation 2, GameCube, Xbox, PC",Luxoflux
True Lies,True Lies is a game based off the action film of the same name starring Arnold Schwarzeneggar where he is trying to get to the bottom of a terrorist organization.,1994,,"Action, Shooter","Espionage, Crime","Nintendo, Sega","Game Boy, Game Gear, Genesis, Super Nintendo Entertainment System",Krome Studios Melbourne
Two Worlds,"Two Worlds is an Action Role Playing Game in which you explore the world of Antaloor, solving quests and making choices that affect the world around you.",2007,1.5,"Role-Playing, Action, Adventure",Fantasy,"Microsoft, PC","Xbox 360, PC",REALITY PUMP
Uninvited,"A horror-themed point-and-click adventure game that centers around the loss of a sibling and other supernatural occurrences. It was one of the original MacVenture games, along with Deja Vu and Shadowgat",1989,,Adventure,Horror,"Apple, Atari, Commodore, Nintendo, PC","Amiga, Atari ST, Commodore 64, Mac, Nintendo Entertainment System, Apple IIgs, PC",ICOM Simulations
Vandal Hearts,"Among one of the first tactical role-playing games to land on western shores, Vandal Hearts follows the trials and triumphs of Ash Lambert, and the oppressive conflict that threatens all of Sostegaria.",1996,4,"Strategy, Role-Playing",Fantasy,"Sony, Sega","PlayStation, Saturn",Konami
Vay,"On the day of his wedding, the prince's bride is kidnapped by a battalion of flying robots. The prince sets off on a journey to reclaim his lost love and discover the meaning of the attack in this traditional turn-based RPG known for its stiff difficulty.",1993,,Role-Playing,Fantasy,"Sega, Apple","Sega CD, iPhone",Sims
Vigilante,"A beat-em-up where players control a martial artist who must rescue his girlfriend, Madonna.",1988,3,"Action, Brawler",Crime,"Sega, Amstrad, Atari, Commodore, Microsoft, Sinclair Research, NEC, Arcade, Nintendo","Amiga, Sega Master System, Amstrad CPC, Atari ST, Commodore 64, MSX, ZX Spectrum, TurboGrafx-16, Arcade, Wii Shop",Irem
Violent Storm,"Wade, Boris, and Kyle star in this Final Fight clone from Konami.",1993,,Brawler,,Arcade,Arcade,Konami
Wai Wai World 2: SOS Parsley-jou!,Another installment in the Wai Wai World series. Once again a variety of Konami characters are playable.,1991,,"Action, Driving/Racing, Shooter, Puzzle, Platformer","Fantasy, Sci-Fi, Superhero",Nintendo,Nintendo Entertainment System,Konami
War of the Dead,"Released in 1987, War of the Dead is considered to be the first true survival horror game. SWAT officer Lila must rescue survivors in the demon-infested small town of Chaney’s Hill.",1987,,"Role-Playing, Shooter, Action, Adventure","Horror, Anime","Microsoft, NEC","MSX, TurboGrafx-16, NEC PC-8801",Fun Factory
Wario Land: Shake It!,"Hop on platforms, solve puzzles, collect treasure, and beat baddies in the Wario Land series' first console iteration.",2008,4,"Adventure, Platformer",Comedy,Nintendo,Wii,Good Feel
Will Rock,Will Rock must save his girlfriend from Zeus and his cronies in this fast-paced first-person shooter by Saber Interactive.,2003,,"Action, Shooter",Fantasy,PC,PC,Saber Interactive
Winter Voices,Winter Voices is an episodic adventure-RPG about a girl who has hallucinations after her father dies and is not sure of her place in the world. This is her quest.,2010,,"Adventure, Role-Playing",Horror,"Apple, PC","Mac, PC",beyondthepillars
Wizards & Warriors,"Wizards & Warriors, developed by Rare Ltd., is the first in a trilogy of games for the NES. The game features a swordsman named Kuros saving a number of damsels in distress on his way to defeat the evil wizard Malkil.",1987,4,"Action, Platformer",Fantasy,Nintendo,Nintendo Entertainment System,Rare
Wrath of the Demon,,,,Action,Fantasy,"Atari, Commodore, PC","Amiga, Atari ST, Commodore 64, PC",Abstrax
WWF Betrayal,"WWF Betrayal was released for the Game Boy Color in 2001. Instead of mimicking pro wrestling, it featured WWE Superstars of that era in a side-scrolling beat 'em up.",2001,,"Action, Wrestling, Brawler",,Nintendo,Game Boy Color,WayForward Technologies
Xena Warrior Princess,3D action game based on the fantasy TV-series. Xena's best friend Gabrielle must be rescued from the magic citadel. Released only as PAL version for the PS2.,2006,,Action,Fantasy,Sony,PlayStation 2,Blast Entertainment
Xena: Warrior Princess,Control Xena in this video game adaptation of the popular television series. Use her Chakram to battle enemies in 3-D environments.,1999,,"Action, Adventure",Fantasy,Sony,PlayStation,Universal Digital Arts
Xexyz,A side-scrolling space shooter that takes place in the post-apocalyptic setting of 2777. It was released on the NES by Hudson Soft and co-developed by Atlus.,1988,,"Action, Platformer, Shoot 'Em Up","Fantasy, Sci-Fi",Nintendo,Nintendo Entertainment System,"Hudson Entertainment, Atlus"
Yakuza,"Yakuza, known in Japan as Ryu ga Gotoku (Like a Dragon), is an open-world action-adventure game with RPG elements, developed and published by Sega, in which you play the role of a Yakuza gangster known as Kazuma Kiryu. It was released in 2005.",2005,3,"Role-Playing, Brawler, Action, Adventure","Dating, Crime, Martial Arts",Sony,PlayStation 2,"Amusement Vision, Sega"
Ys: The Oath in Felghana,Falcom's re-imagining of Ys III for the PC and PSP.,2005,4,"Action, Role-Playing",Fantasy,"Sony, PC","PlayStation Portable, PC, PlayStation Network (PSP)",Nihon Falcom
Zack & Wiki: Quest for Barbaros' Treasure,"A Wii adventure game developed and published by Capcom, Zack and Wiki puts the player in the shoes of Zack, a boy who aspires to be the most successful pirate in history.",2007,4,"Action, Adventure, Puzzle","Fantasy, Comedy",Nintendo,Wii,"Capcom, DIGITAL Hearts Co."
Zelda II: The Adventure of Link,"Zelda II: The Adventure of Link is the second entry in the ground-breaking Zelda franchise. This controversial follow-up ditches the original's top-down perspective for 2D side-scrolling exploration and combat. The 2D towns, dungeons and combat arenas are tied together by a top-down overworld.",1987,,"Role-Playing, Action, Adventure",Fantasy,Nintendo,"Game Boy Advance, Nintendo Entertainment System, Wii Shop, Famicom Disk System, Nintendo 3DS eShop, Wii U","Nintendo, SRD"
