Title,Features.Max Players,Metadata.Genres,Metadata.Publishers,Metrics.Used Price,Release.Console,Release.Year
Super Mario 64 DS,1,Action,Nintendo,24.95,Nintendo DS,2004
Lumines: Puzzle Fusion,1,Strategy,Ubisoft,14.95,Sony PSP,2004
WarioWare Touched+ACE-,2,+ACI-Action,Racing / Driving,Sports+ACI-,Nintendo,22.95,Nintendo DS,2004
Hot Shots Golf: Open Tee,1,Sports,Sony,12.95,Sony PSP,2004
Spider+AC0-Man 2,1,Action,Activision,14.95,Nintendo DS,2004
The Urbz: Sims in the City,1,Simulation,EA,12.95,Nintendo DS,2004
Ridge Racer,1,Racing / Driving,Namco,19.95,Sony PSP,2004
Metal Gear Ac+ACE-d,1,Strategy,Konami,17.95,Sony PSP,2004
Madden NFL 2005,1,Sports,EA,8.95,Nintendo DS,2004
Pokmon Dash,1,Racing / Driving,Nintendo,24.95,Nintendo DS,2004
Dynasty Warriors,1,+ACI-Action,Adventure,RolePlaying (RPG)+ACI-,,14.95,Sony PSP,2004
Feel the Magic XY/XX,1,+ACI-Action,Adventure,Racing / Driving,Sports+ACI-,Sega,8.95,Nintendo DS,2004
Ridge Racer DS,1,Racing / Driving,Namco,9.95,Nintendo DS,2004
Darkstalkers Chronicle: The Chaos Tower,1,Action,Capcom,14.95,Sony PSP,2004
Ape Escape Academy,4,+ACI-Action,Sports+ACI-,Sony,14.95,Sony PSP,2004
Polarium,1,Strategy,Nintendo,8.95,Nintendo DS,2004
Asphalt: Urban GT,1,+ACI-Racing / Driving,Simulation+ACI-,Ubisoft,14.95,Nintendo DS,2004
Zoo Keeper,1,Action,,14.95,Nintendo DS,2004
Mr. DRILLER: Drill Spirits,1,Action,Namco,14.95,Nintendo DS,2004
Sprung,1,Adventure,Ubisoft,8.95,Nintendo DS,2004
Armored Core: Formula Front +AC0- Extreme Battle,1,+ACI-Action,Strategy+ACI-,,16.95,Sony PSP,2004
Puyo Pop Fever,1,+ACI-Action,Strategy+ACI-,Sega,19.95,Nintendo DS,2004
Mario Kart DS,1,Racing / Driving,Nintendo,29.95,Nintendo DS,2005
Nintendogs,1,Simulation,Nintendo,26.95,Nintendo DS,2005
Brain Age: Train Your Brain in Minutes a Day+ACE-,1,Action,Nintendo,17.95,Nintendo DS,2005
Brain Agey: More Training in Minutes a Day+ACE-,1,Action,Nintendo,17.95,Nintendo DS,2005
Grand Theft Auto: Liberty City Stories,1,+ACI-Action,Racing / Driving+ACI-,+ACI-Capcom,Rockstar+ACI-,17.95,Sony PSP,2005
Animal Crossing: Wild World,1,Simulation,Nintendo,24.95,Nintendo DS,2005
Big Brain Academy,1,Action,Nintendo,16.95,Nintendo DS,2005
Call of Duty 2,4,Action,+ACI-Activision,Konami+ACI-,17.95,X360,2005
Midnight Club 3: DUB Edition,1,Racing / Driving,Rockstar,14.95,Sony PSP,2005
Need for Speed: Most Wanted 5+AC0-1+AC0-0,1,Racing / Driving,EA,14.95,Sony PSP,2005
Pokmon Mystery Dungeon: Blue Rescue Team,1,RolePlaying (RPG),Nintendo,14.95,Nintendo DS,2005
Sonic Rush,1,Action,Sega,14.95,Nintendo DS,2005
Star Wars: Battlefront II,1,Action,,16.95,Sony PSP,2005
SOCOM: U.S. Navy SEALs +AC0- Fireteam Bravo,1,Action,Sony,14.95,Sony PSP,2005
Need for Speed: Most Wanted,2,Racing / Driving,EA,17.95,X360,2005
Zoo Tycoon DS,1,+ACI-Simulation,Strategy+ACI-,THQ,12.95,Nintendo DS,2005
The Sims 2,1,+ACI-RolePlaying (RPG),Simulation+ACI-,EA,17.95,Nintendo DS,2005
Mario +ACY- Luigi: Partners in Time,1,+ACI-Action,RolePlaying (RPG)+ACI-,Nintendo,29.95,Nintendo DS,2005
Madden NFL 06,1,Sports,EA,7.95,Sony PSP,2005
Need for Speed Underground: Rivals,4,Racing / Driving,EA,17.95,Sony PSP,2005
Twisted Metal: Head+AC0-On,1,+ACI-Action,Racing / Driving+ACI-,Sony,14.95,Sony PSP,2005
Perfect Dark Zero,4,Action,Microsoft,17.95,X360,2005
Super Monkey Ball: Touch +ACY- Roll,1,Action,Sega,15.95,Nintendo DS,2005
Super Princess Peach,1,Action,Nintendo,29.95,Nintendo DS,2005
Burnout Legends,1,+ACI-Action,Racing / Driving+ACI-,EA,14.95,Sony PSP,2005
Madden NFL 06,2,Sports,EA,4.95,X360,2005
Clubhouse Games,1,Strategy,Nintendo,17.95,Nintendo DS,2005
ATV Offroad Fury: Blazin' Trails,4,+ACI-Racing / Driving,Sports+ACI-,Sony,12.95,Sony PSP,2005
Untold Legends: Brotherhood of the Blade,1,+ACI-Action,RolePlaying (RPG)+ACI-,+ACI-Activision,Sony+ACI-,12.95,Sony PSP,2005
Tony Hawk's Underground 2: Remix,1,Sports,Activision,14.95,Sony PSP,2005
The Sims 2,1,+ACI-Simulation,Strategy+ACI-,EA,14.95,Sony PSP,2005
WipEout Pure,1,+ACI-Action,Racing / Driving+ACI-,Sony,12.95,Sony PSP,2005
NBA Live 06,1,Sports,EA,9.95,Sony PSP,2005
WWE Smackdown vs. Raw 2006,4,+ACI-Action,Sports+ACI-,THQ,14.95,Sony PSP,2005
Dead or Alive 4,4,Action,,17.95,X360,2005
Phoenix Wright: Ace Attorney,1,+ACI-Adventure,Simulation+ACI-,Capcom,24.95,Nintendo DS,2005
Spider+AC0-Man 2,1,Action,Activision,14.95,Sony PSP,2005
NFL Street 2,4,Sports,EA,17.95,Sony PSP,2005
Kirby: Canvas Curse,1,Action,Nintendo,17.95,Nintendo DS,2005
Battlefield 2: Modern Combat,4,Action,EA,16.95,X360,2005
Yoshi Touch +ACY- Go,1,Action,Nintendo,17.95,Nintendo DS,2005
Tiger Woods PGA Tour 06,4,Sports,EA,9.95,X360,2005
Condemned: Criminal Origins,1,+ACI-Action,Adventure+ACI-,Sega,14.95,X360,2005
Peter Jackson's King Kong: The Official Game of...,2,Action,Ubisoft,14.95,X360,2005
Castlevania: Dawn of Sorrow,1,+ACI-Action,RolePlaying (RPG)+ACI-,Konami,17.95,Nintendo DS,2005
SpongeBob SquarePants: The Yellow Avenger,1,Action,THQ,13.95,Nintendo DS,2005
Marvel Nemesis: Rise of the Imperfects ,1,Action,EA,17.95,Sony PSP,2005
Kameo: Elements of Power,1,Action,Microsoft,11.95,X360,2005
Advance Wars: Dual Strike,1,Strategy,Nintendo,17.95,Nintendo DS,2005
Trauma Center: Under the Knife,1,+ACI-Action,Simulation+ACI-,Nintendo,15.95,Nintendo DS,2005
Coded Arms,1,Action,Konami,12.95,Sony PSP,2005
NBA LIVE 06 ,1,Sports,EA,4.95,X360,2005
Tony Hawk's American Wasteland,1,Sports,Activision,14.95,X360,2005
Star Wars: Episode III +AC0- Revenge of the Sith,1,Action,Ubisoft,16.95,Nintendo DS,2005
Capcom Classics Collection Remixed,1,Action,Capcom,17.95,Sony PSP,2005
Madagascar,1,Adventure,Activision,14.95,Nintendo DS,2005
X+AC0-Men: Legends II +AC0- Rise of Apocalypse,1,+ACI-Action,RolePlaying (RPG)+ACI-,Activision,17.95,Sony PSP,2005
Quake 4,1,Action,Activision,14.95,X360,2005
Pokmon Trozei+ACE-,1,Strategy,Nintendo,19.95,Nintendo DS,2005
Need for Speed: Most Wanted,1,Racing / Driving,EA,15.95,Nintendo DS,2005
Mega Man Maverick Hunter X,1,Action,Capcom,17.95,Sony PSP,2005
Metroid Prime Pinball,1,+ACI-Action,Simulation+ACI-,Nintendo,17.95,Nintendo DS,2005
NBA 06,1,Sports,Sony,9.95,Sony PSP,2005
GUN ,1,+ACI-Action,Racing / Driving,RolePlaying (RPG)+ACI-,Activision,19.95,X360,2005
NBA 2K6 ,1,Sports,2K,4.95,X360,2005
Pinball Hall of Fame: The Gottlieb Collection,4,Action,,9.95,Sony PSP,2005
Harry Potter and the Goblet of Fire,1,Action,EA,17.95,Nintendo DS,2005
Tony Hawk's American Sk8land,1,Sports,Activision,16.95,Nintendo DS,2005
MVP Baseball,1,Sports,EA,4.95,Sony PSP,2005
Tiger Woods PGA Tour,1,Sports,EA,17.95,Sony PSP,2005
World Series of Poker,1,+ACI-Sports,Strategy+ACI-,Activision,14.95,Sony PSP,2005
SSX on Tour,1,Sports,EA,16.95,Sony PSP,2005
Tiger Woods PGA Tour 06,1,Sports,EA,9.95,Sony PSP,2005
Death Jr.,1,Action,Konami,9.95,Sony PSP,2005
Harry Potter and the Goblet of Fire,1,Action,EA,17.95,Sony PSP,2005
MediEvil Resurrection,1,Action,Sony,17.95,Sony PSP,2005
+ACI-The Chronicles of Narnia: The Lion, the Witch a...+ACI-,1,+ACI-Action,RolePlaying (RPG)+ACI-,,12.95,Nintendo DS,2005
Shrek SuperSlam,1,Action,Activision,11.95,Nintendo DS,2005
Virtua Tennis: World Tour,1,Sports,Sega,14.95,Sony PSP,2005
Prince of Persia: Revelations,1,Action,Ubisoft,6.95,Sony PSP,2005
Burnout Legends,1,+ACI-Action,Racing / Driving+ACI-,EA,17.95,Nintendo DS,2005
Meteos,1,Strategy,Nintendo,15.95,Nintendo DS,2005
Spyro: Shadow Legacy,1,RolePlaying (RPG),,17.95,Nintendo DS,2005
The Con,1,Action,Sony,8.95,Sony PSP,2005
Infected,1,Action,,17.95,Sony PSP,2005
Pursuit Force,1,+ACI-Action,Racing / Driving+ACI-,Sony,14.95,Sony PSP,2005
Kingdom of Paradise,2,+ACI-Action,RolePlaying (RPG)+ACI-,Sony,12.95,Sony PSP,2005
Dragon Ball Z: Supersonic Warriors 2,1,Action,Atari,22.95,Nintendo DS,2005
Dragon Quest Heroes: Rocket Slime,1,Action,SquareEnix,12.95,Nintendo DS,2005
Dead to Rights: Reckoning,1,Action,Namco,14.95,Sony PSP,2005
Amped 3,1,Sports,2K,14.95,X360,2005
Break 'em All,1,Action,,17.95,Nintendo DS,2005
Lunar: Dragon Song,1,RolePlaying (RPG),Ubisoft,14.95,Nintendo DS,2005
Madden NFL 06,1,Sports,EA,9.95,Nintendo DS,2005
Retro Atari Classics,1,+ACI-Action,Racing / Driving,Simulation+ACI-,Atari,12.95,Nintendo DS,2005
True Swing Golf,1,Sports,Nintendo,14.95,Nintendo DS,2005
FIFA Soccer,1,Sports,EA,14.95,Sony PSP,2005
Metal Gear Ac+ACE-d 2,1,Strategy,Konami,12.95,Sony PSP,2005
ATV Quad Frenzy,1,+ACI-Racing / Driving,Sports+ACI-,,14.95,Nintendo DS,2005
Bomberman,1,Strategy,Ubisoft,17.95,Nintendo DS,2005
GoldenEye: Rogue Agent,1,Action,EA,14.95,Nintendo DS,2005
Need for Speed Underground 2,1,Racing / Driving,EA,22.95,Nintendo DS,2005
Frogger: Helmet Chaos,1,Action,Konami,19.95,Sony PSP,2005
The Lord of the Rings: Tactics,1,+ACI-RolePlaying (RPG),Strategy+ACI-,EA,19.95,Sony PSP,2005
Rengoku: The Tower of Purgatory,1,+ACI-Action,RolePlaying (RPG)+ACI-,Konami,12.95,Sony PSP,2005
Gretzky NHL,2,Sports,Sony,9.95,Sony PSP,2005
Ridge Racer 6,2,Racing / Driving,+ACI-EA,Namco+ACI-,14.95,X360,2005
Ford Racing 3,1,+ACI-Action,Racing / Driving+ACI-,,14.95,Nintendo DS,2005
NHL 2K6 ,1,Sports,2K,5.95,X360,2005
Bust+AC0-a+AC0-Move DS,1,+ACI-Action,Strategy+ACI-,,17.95,Nintendo DS,2005
Battles of Prince of Persia,1,Strategy,Ubisoft,14.95,Nintendo DS,2005
GripShift,1,Racing / Driving,Ubisoft,9.95,Sony PSP,2005
Marvel Nemesis: Rise of the Imperfects ,1,Action,EA,14.95,Nintendo DS,2005
Scooby+AC0-Doo+ACE- Unmasked,1,Action,THQ,17.95,Nintendo DS,2005
Viewtiful Joe: Double Trouble+ACE-,1,Action,Capcom,14.95,Nintendo DS,2005
The Legend of Heroes: A Tear of Vermillion,1,RolePlaying (RPG),,17.95,Sony PSP,2005
PQ: Practical Intelligence Quotient,1,Strategy,,14.95,Sony PSP,2005
Lost in Blue,1,RolePlaying (RPG),Konami,24.95,Nintendo DS,2005
Ghost in the Shell: Stand Alone Complex,1,Action,Sony,14.95,Sony PSP,2005
Dig Dug: Digging Strike,1,Action,Namco,16.95,Nintendo DS,2005
Frogger: Helmet Chaos,1,Action,Konami,17.95,Nintendo DS,2005
Mega Man Battle Network 5: Double Team DS,1,+ACI-Action,RolePlaying (RPG)+ACI-,Capcom,17.95,Nintendo DS,2005
Nanostray,1,Action,THQ,17.95,Nintendo DS,2005
Sega Casino,1,Simulation,Sega,17.95,Nintendo DS,2005
Teenage Mutant Ninja Turtles 3: Mutant Nightmare,1,+ACI-Action,Adventure+ACI-,Konami,17.95,Nintendo DS,2005
Pac+AC0-Man World 3,1,Action,+ACI-EA,Namco+ACI-,24.95,Sony PSP,2005
Tokobot,1,Strategy,,17.95,Sony PSP,2005
Fullmetal Alchemist: Dual Sympathy,1,Action,,14.95,Nintendo DS,2005
Exit,1,Action,Ubisoft,9.95,Sony PSP,2005
Bubble Bobble Revolution,1,Action,,17.95,Nintendo DS,2005
The Rub Rabbits+ACE-,2,+ACI-Action,Adventure+ACI-,Sega,17.95,Nintendo DS,2005
Electroplankton,1,Simulation,Nintendo,29.95,Nintendo DS,2005
LifeSigns: Surgical Unit,1,+ACI-Simulation,Strategy+ACI-,,22.95,Nintendo DS,2005
Space Invaders Revolution,1,Action,,13.95,Nintendo DS,2005
Wii Play,2,+ACI-Action,Sports+ACI-,Nintendo,14.95,Nintendo Wii,2006
New Super Mario Bros.,1,Action,Nintendo,27.95,Nintendo DS,2006
Pokmon Diamond,1,RolePlaying (RPG),Nintendo,27.95,Nintendo DS,2006
Pokmon Pearl,1,RolePlaying (RPG),Nintendo,26.95,Nintendo DS,2006
Gears of War,2,Action,Microsoft,19.95,X360,2006
The Legend of Zelda: Twilight Princess,1,+ACI-Action,RolePlaying (RPG)+ACI-,Nintendo,39.95,Nintendo Wii,2006
Cooking Mama,1,Simulation,,17.95,Nintendo DS,2006
Marvel Ultimate Alliance,4,+ACI-Action,RolePlaying (RPG)+ACI-,Activision,14.95,X360,2006
Daxter,1,Action,Sony,14.95,Sony PSP,2006
The Elder Scrolls IV: Oblivion,1,+ACI-Action,RolePlaying (RPG)+ACI-,2K,19.95,X360,2006
Madden NFL 07,2,Sports,EA,4.95,X360,2006
Grand Theft Auto: Vice City Stories,1,+ACI-Action,Racing / Driving+ACI-,Rockstar,17.95,Sony PSP,2006
Resistance: Fall of Man,4,Action,Sony,19.95,PlayStation 3,2006
MotorStorm,1,+ACI-Action,Racing / Driving,Sports+ACI-,Sony,16.95,PlayStation 3,2006
Call of Duty 3,2,Action,Activision,16.95,X360,2006
Yoshi's Island DS,1,Action,Nintendo,27.95,Nintendo DS,2006
Tom Clancy's Ghost Recon: Advanced Warfighter,4,Action,Ubisoft,14.95,X360,2006
Fight Night Round 3,2,+ACI-Action,Sports+ACI-,EA,14.95,X360,2006
Pokmon Ranger,1,RolePlaying (RPG),Nintendo,19.95,Nintendo DS,2006
Rayman Raving Rabbids,4,Action,Ubisoft,17.95,Nintendo Wii,2006
Saints Row,1,+ACI-Action,Racing / Driving+ACI-,THQ,14.95,X360,2006
Tom Clancy's Rainbow Six: Vegas,2,Action,Ubisoft,14.95,X360,2006
Dead Rising,1,Action,Capcom,16.95,X360,2006
Call of Duty 3,1,Action,Activision,19.95,Nintendo Wii,2006
Lost Planet: Extreme Condition,1,Action,Capcom,12.95,X360,2006
Mario Hoops 3 on 3,1,Sports,Nintendo,22.95,Nintendo DS,2006
LEGO Star Wars II: The Original Trilogy,1,Action,EA,17.95,Nintendo DS,2006
Super Monkey Ball: Banana Blitz,4,Action,Sega,14.95,Nintendo Wii,2006
The Sims 2: Pets,1,Simulation,EA,14.95,Nintendo DS,2006
Need for Speed: Carbon +AC0- Own the City,1,Racing / Driving,EA,16.95,Sony PSP,2006
WarioWare: Smooth Moves,6,+ACI-Action,Racing / Driving,Sports+ACI-,Nintendo,39.95,Nintendo Wii,2006
Fight Night Round 3,2,+ACI-Action,Sports+ACI-,EA,13.95,PlayStation 3,2006
Final Fantasy III,1,RolePlaying (RPG),SquareEnix,17.95,Nintendo DS,2006
SOCOM: U.S. Navy SEALs +AC0- Fireteam Bravo 2,1,Action,Sony,16.95,Sony PSP,2006
Madden NFL 07,1,Sports,EA,9.95,Sony PSP,2006
Monster 4x4: World Circuit,4,Racing / Driving,Ubisoft,12.95,Nintendo Wii,2006
Kirby: Squeak Squad,1,Action,Nintendo,27.95,Nintendo DS,2006
Pokmon Battle Revolution,4,+ACI-Action,Strategy+ACI-,Nintendo,39.95,Nintendo Wii,2006
Medal of Honor: Heroes,1,Action,EA,14.95,Sony PSP,2006
Tekken: Dark Resurrection,1,Action,+ACI-Namco,Sony+ACI-,17.95,Sony PSP,2006
Need for Speed: Carbon,2,Racing / Driving,EA,16.95,X360,2006
Mario vs. Donkey Kong 2: March of the Minis,1,Action,Nintendo,27.95,Nintendo DS,2006
Sonic Rivals,1,+ACI-Action,Racing / Driving+ACI-,Sega,17.95,Sony PSP,2006
NCAA Football 07,2,Sports,EA,4.95,X360,2006
Mortal Kombat: Unchained,2,Action,Midway,17.95,Sony PSP,2006
Tom Clancy's Splinter Cell: Double Agent,1,Action,Ubisoft,17.95,X360,2006
Tetris DS,1,Strategy,Nintendo,17.95,Nintendo DS,2006
LEGO Star Wars II: The Original Trilogy,2,Action,,17.95,Sony PSP,2006
Red Steel,4,Action,Ubisoft,14.95,Nintendo Wii,2006
Metroid Prime: Hunters,1,Action,Nintendo,27.95,Nintendo DS,2006
LEGO Star Wars II: The Original Trilogy,2,Action,,14.95,X360,2006
NBA 2K7 ,1,Sports,2K,4.95,X360,2006
SEGA Genesis Collection,2,+ACI-Action,Racing / Driving,RolePlaying (RPG),Strategy+ACI-,Sega,17.95,Sony PSP,2006
Call of Duty 3,1,Action,Activision,19.95,PlayStation 3,2006
NBA Live 07,1,Sports,EA,7.95,Sony PSP,2006
Madden NFL 07,2,Sports,EA,6.95,PlayStation 3,2006
SpongeBob SquarePants: The Yellow Avenger,1,Action,THQ,12.95,Sony PSP,2006
Madden NFL 07,4,Sports,EA,9.95,Nintendo Wii,2006
Fight Night Round 3,2,+ACI-Action,Simulation,Sports+ACI-,EA,16.95,Sony PSP,2006
Need for Speed: Carbon,2,Racing / Driving,EA,17.95,PlayStation 3,2006
Need for Speed: Carbon,2,Racing / Driving,EA,17.95,Nintendo Wii,2006
WWE SmackDown vs. Raw 2007,4,Sports,THQ,12.95,X360,2006
Tiger Woods PGA Tour 07,1,Sports,EA,9.95,X360,2006
Viva Pi+ACQ-?ata,4,+ACI-Simulation,Strategy+ACI-,Microsoft,16.95,X360,2006
SpongeBob Squarepants: Creature from the Krusty Krab,1,+ACI-Action,Adventure+ACI-,THQ,14.95,Nintendo Wii,2006
Tony Hawk's Project 8,2,Sports,Activision,17.95,Sony PSP,2006
Tony Hawk's Project 8,2,Sports,Activision,16.95,X360,2006
NBA LIVE 07 ,1,Sports,EA,4.95,X360,2006
Excite Truck,2,Racing / Driving,Nintendo,19.95,Nintendo Wii,2006
Harvest Moon DS,1,+ACI-RolePlaying (RPG),Simulation+ACI-,,17.95,Nintendo DS,2006
Star Fox Command,1,Action,Nintendo,14.95,Nintendo DS,2006
Metal Gear Solid: Portable Ops,1,+ACI-Action,Strategy+ACI-,Konami,17.95,Sony PSP,2006
Marvel Ultimate Alliance,4,+ACI-Action,RolePlaying (RPG)+ACI-,Activision,17.95,Nintendo Wii,2006
Blazing Angels: Squadrons of WWII,2,Action,Ubisoft,16.95,X360,2006
Major League Baseball 2K6,2,Sports,2K,4.95,X360,2006
NCAA Football 07,1,Sports,EA,9.95,Sony PSP,2006
MLB 06: The Show,2,Sports,Sony,9.95,Sony PSP,2006
Blazing Angels: Squadrons of WWII,2,Action,Ubisoft,16.95,PlayStation 3,2006
WWE SmackDown vs. Raw 2007,4,Sports,THQ,14.95,Sony PSP,2006
Rune Factory: A Fantasy Harvest Moon,1,+ACI-RolePlaying (RPG),Simulation+ACI-,,24.95,Nintendo DS,2006
Marvel Ultimate Alliance,1,+ACI-Action,RolePlaying (RPG)+ACI-,Activision,22.95,Sony PSP,2006
Marvel Ultimate Alliance,4,+ACI-Action,RolePlaying (RPG)+ACI-,Activision,24.95,PlayStation 3,2006
Tiger Woods PGA Tour 07,4,Sports,EA,14.95,PlayStation 3,2006
Ace Combat X: Skies of Deception,1,+ACI-Action,Simulation+ACI-,Namco,22.95,Sony PSP,2006
Killzone: Liberation,1,+ACI-Action,Strategy+ACI-,Sony,16.95,Sony PSP,2006
F.E.A.R.: First Encounter Assault Recon,1,Action,,17.95,X360,2006
NBA 2K7,7,Sports,2K,7.95,PlayStation 3,2006
Tony Hawk's Project 8,2,Sports,Activision,14.95,PlayStation 3,2006
Avatar: The Last Airbender,1,Action,THQ,17.95,Nintendo DS,2006
Castlevania: Portrait of Ruin,1,Action,Konami,17.95,Nintendo DS,2006
Hitman: Blood Money,1,Action,Eidos,22.95,X360,2006
Rockstar Games presents Table Tennis,2,Sports,Rockstar,9.95,X360,2006
Trauma Center: Second Opinion,1,+ACI-Action,Simulation+ACI-,Nintendo,17.95,Nintendo Wii,2006
Tenchu Z,1,Action,Microsoft,14.95,X360,2006
Elite Beat Agents,1,Action,Nintendo,9.95,Nintendo DS,2006
Street Fighter Alpha 3 MAX,1,Action,Capcom,14.95,Sony PSP,2006
Blue Dragon,1,RolePlaying (RPG),Microsoft,14.95,X360,2006
The Lord of the Rings: The Battle for Middle Ea...,1,Strategy,EA,19.95,X360,2006
Prey,1,Action,2K,14.95,X360,2006
Over the Hedge,1,Adventure,Activision,16.95,Nintendo DS,2006
Capcom Classics Collection Reloaded,1,Action,Capcom,17.95,Sony PSP,2006
Pirates of the Caribbean: Dead Man's Chest,1,Action,,14.95,Sony PSP,2006
NHL 07 ,1,Sports,EA,5.95,X360,2006
Monster Hunter Freedom,1,+ACI-Action,Strategy+ACI-,Capcom,12.95,Sony PSP,2006
Chromehounds,1,+ACI-Action,Simulation,Strategy+ACI-,Sega,14.95,X360,2006
Test Drive Unlimited,1,Racing / Driving,Atari,17.95,X360,2006
Dragon Ball Z: Budokai Tenkaichi 2,2,Action,Atari,14.95,Nintendo Wii,2006
Dragon Quest Monsters: Joker,1,RolePlaying (RPG),SquareEnix,14.95,Nintendo DS,2006
Pirates of the Caribbean: Dead Man's Chest,1,Action,,11.95,Nintendo DS,2006
NFL Street 3,1,+ACI-Action,Sports+ACI-,EA,14.95,Sony PSP,2006
Syphon Filter: Dark Mirror,1,Action,Sony,12.95,Sony PSP,2006
NBA 07,4,Sports,Sony,6.95,PlayStation 3,2006
Ridge Racer 7,2,Racing / Driving,+ACI-Namco,Sony+ACI-,19.95,PlayStation 3,2006
The Outfit,2,Action,THQ,14.95,X360,2006
Elebits,4,Action,Konami,14.95,Nintendo Wii,2006
Tony Hawk's Downhill Jam,1,+ACI-Racing / Driving,Sports+ACI-,Activision,14.95,Nintendo DS,2006
The Sims 2: Pets,1,Simulation,EA,17.95,Sony PSP,2006
Tiger Woods PGA Tour 07,1,Sports,EA,12.95,Sony PSP,2006
Thrillville,1,+ACI-Simulation,Strategy+ACI-,Atari,14.95,Sony PSP,2006
The Godfather: The Game,1,Action,EA,17.95,X360,2006
Rampage: Total Destruction,4,Action,Midway,16.95,Nintendo Wii,2006
College Hoops 2K7,4,Sports,2K,6.95,X360,2006
Far Cry: Instincts +AC0- Predator,4,Action,Ubisoft,17.95,X360,2006
Full Auto,2,+ACI-Action,Racing / Driving+ACI-,Sega,16.95,X360,2006
Age of Empires: The Age of Kings,1,Strategy,,17.95,Nintendo DS,2006
Need for Speed: Carbon +AC0- Own the City,1,+ACI-Action,Racing / Driving+ACI-,EA,14.95,Nintendo DS,2006
Brothers in Arms: D+AC0-Day,1,Action,Ubisoft,6.95,Sony PSP,2006
Family Guy Video Game+ACE-,1,Action,2K,19.95,Sony PSP,2006
Superman Returns,1,Action,EA,7.95,X360,2006
Over G Fighters,2,Simulation,Ubisoft,17.95,X360,2006
Final Fantasy XI Online,1,+ACI-Action,RolePlaying (RPG)+ACI-,SquareEnix,4.95,X360,2006
Mystery Dungeon: Shiren the Wanderer,1,+ACI-Action,RolePlaying (RPG)+ACI-,Sega,17.95,Nintendo DS,2006
Phoenix Wright: Ace Attorney +AC0- Justice for All,1,+ACI-Adventure,Simulation+ACI-,Capcom,13.95,Nintendo DS,2006
Justice League Heroes,1,Action,,17.95,Sony PSP,2006
Valhalla Knights,1,+ACI-Action,RolePlaying (RPG)+ACI-,,16.95,Sony PSP,2006
Genji: Days of the Blade,1,+ACI-Action,RolePlaying (RPG)+ACI-,Sony,14.95,PlayStation 3,2006
Top Spin 2,4,Sports,2K,12.95,X360,2006
Field Commander,2,Strategy,+ACI-Sony,Ubisoft+ACI-,14.95,Sony PSP,2006
Children of Mana,1,+ACI-Action,RolePlaying (RPG)+ACI-,+ACI-Nintendo,SquareEnix+ACI-,16.95,Nintendo DS,2006
Valkyrie Profile: Lenneth,1,RolePlaying (RPG),SquareEnix,22.95,Sony PSP,2006
Monster House,1,Action,THQ,14.95,Nintendo DS,2006
Enchanted Arms,1,RolePlaying (RPG),Ubisoft,17.95,X360,2006
NHL 07,4,Sports,EA,12.95,Sony PSP,2006
Bust+AC0-a+AC0-Move Deluxe,2,Strategy,,14.95,Sony PSP,2006
Full Auto 2: Battlelines,2,+ACI-Action,Racing / Driving+ACI-,Sega,14.95,PlayStation 3,2006
Blitz: The League,2,Sports,Midway,14.95,X360,2006
Star Trek Legacy,2,+ACI-Action,Strategy+ACI-,Ubisoft,24.95,X360,2006
Eragon,1,+ACI-Action,RolePlaying (RPG)+ACI-,,16.95,Nintendo DS,2006
Master of Illusion,1,Strategy,Nintendo,14.95,Nintendo DS,2006
Mega Man ZX,1,Action,Capcom,19.95,Nintendo DS,2006
Untold Legends: The Warrior's Code,1,+ACI-Action,RolePlaying (RPG)+ACI-,+ACI-Sony,Ubisoft+ACI-,14.95,Sony PSP,2006
Super Swing Golf,1,Sports,,16.95,Nintendo Wii,2006
X+AC0-Men: The Official Game,1,Action,Activision,14.95,X360,2006
Untold Legends: Dark Kingdom,2,+ACI-Action,RolePlaying (RPG)+ACI-,+ACI-EA,Sony+ACI-,16.95,PlayStation 3,2006
Happy Feet,2,Action,Midway,14.95,Nintendo Wii,2006
Open Season,1,Action,Ubisoft,17.95,Nintendo DS,2006
Dungeon Siege: Throne of Agony,1,RolePlaying (RPG),2K,24.95,Sony PSP,2006
LocoRoco,1,+ACI-Action,Strategy+ACI-,Sony,17.95,Sony PSP,2006
Dead or Alive: Xtreme 2,1,+ACI-Racing / Driving,Sports+ACI-,,14.95,X360,2006
Fuzion Frenzy 2,4,+ACI-Action,Sports+ACI-,Microsoft,14.95,X360,2006
MotoGP '06,4,+ACI-Racing / Driving,Simulation,Sports+ACI-,THQ,14.95,X360,2006
Lumines II,2,Strategy,,14.95,Sony PSP,2006
Major League Baseball 2K6,1,Sports,2K,4.95,Sony PSP,2006
Star Wars: Lethal Alliance,1,Action,Ubisoft,17.95,Sony PSP,2006
Worms: Open Warfare,1,+ACI-Action,Strategy+ACI-,THQ,17.95,Sony PSP,2006
Eragon,4,Action,,14.95,Sony PSP,2006
Metal Slug Anthology,4,Action,,16.95,Nintendo Wii,2006
Open Season,4,Action,Ubisoft,14.95,X360,2006
Tom Clancy's Splinter Cell: Double Agent,2,Action,Ubisoft,17.95,Nintendo Wii,2006
Avatar: The Last Airbender,1,Action,THQ,17.95,Sony PSP,2006
Lemmings,1,Strategy,Sony,17.95,Sony PSP,2006
Mega Man Powered Up,1,Action,Capcom,16.95,Sony PSP,2006
College Hoops 2K6,1,Sports,2K,6.95,X360,2006
Dynasty Warriors 5: Empires,2,+ACI-Action,RolePlaying (RPG),Strategy+ACI-,,14.95,X360,2006
Magical Starsign,1,RolePlaying (RPG),Nintendo,9.95,Nintendo DS,2006
Resident Evil: Deadly Silence,1,Action,Capcom,17.95,Nintendo DS,2006
X+AC0-Men: The Official Game,1,Action,Activision,14.95,Nintendo DS,2006
Cabela's African Safari,1,Sports,Activision,17.95,X360,2006
Cabela's Alaskan Adventures,1,Sports,Activision,17.95,X360,2006
Armored Core 4,2,Action,Sega,19.95,PlayStation 3,2006
Eragon,2,Action,,12.95,X360,2006
LostMagic,1,+ACI-Action,RolePlaying (RPG)+ACI-,Ubisoft,14.95,Nintendo DS,2006
Magnetica,1,+ACI-Action,Strategy+ACI-,Nintendo,17.95,Nintendo DS,2006
Def Jam Fight for NY: The Takeover,1,Action,EA,17.95,Sony PSP,2006
NASCAR 07,1,+ACI-Racing / Driving,Simulation+ACI-,EA,24.95,Sony PSP,2006
The Ant Bully,1,Action,Midway,16.95,Nintendo Wii,2006
Just Cause,1,+ACI-Action,Racing / Driving+ACI-,Eidos,16.95,X360,2006
Onechanbara: Bikini Samurai Squad,1,Action,,19.95,X360,2006
Phantasy Star Universe,1,RolePlaying (RPG),Sega,24.95,X360,2006
Project Sylpheed: Arc of Deception,1,Action,+ACI-Microsoft,SquareEnix+ACI-,14.95,X360,2006
Winning Eleven: Pro Evolution Soccer 2007,6,Sports,Konami,11.95,X360,2006
Kororinpa: Marble Mania,2,+ACI-Action,Strategy+ACI-,Nintendo,17.95,Nintendo Wii,2006
Digimon World DS,1,RolePlaying (RPG),Namco,27.95,Nintendo DS,2006
Justice League Heroes,1,Action,,17.95,Nintendo DS,2006
Innocent Life: A Futuristic Harvest Moon,1,+ACI-RolePlaying (RPG),Simulation,Strategy+ACI-,,17.95,Sony PSP,2006
Power Stone Collection,1,Action,Capcom,14.95,Sony PSP,2006
EA Replay,4,+ACI-Action,RolePlaying (RPG),Simulation,Sports,Strategy+ACI-,EA,14.95,Sony PSP,2006
Open Season,4,Action,Ubisoft,17.95,Nintendo Wii,2006
Samurai Warriors 2,4,Action,,14.95,X360,2006
Far Cry: Vengeance,2,Action,Ubisoft,16.95,Nintendo Wii,2006
Import Tuner Challenge,2,Racing / Driving,Ubisoft,17.95,X360,2006
Contact,1,+ACI-Adventure,RolePlaying (RPG)+ACI-,,14.95,Nintendo DS,2006
Touch Detective,1,Adventure,,14.95,Nintendo DS,2006
FIFA Street 2,1,Sports,EA,17.95,Sony PSP,2006
007: From Russia with Love,1,+ACI-Action,Racing / Driving+ACI-,EA,17.95,Sony PSP,2006
PaRappa the Rapper,1,Action,Sony,12.95,Sony PSP,2006
Riviera: The Promised Land,1,RolePlaying (RPG),,17.95,Sony PSP,2006
Samurai Warriors: State of War,1,Action,,17.95,Sony PSP,2006
Viewtiful Joe: Red Hot Rumble,1,Action,Capcom,14.95,Sony PSP,2006
Ice Age 2: The Meltdown,1,Action,,17.95,Nintendo Wii,2006
Rumble Roses XX,4,+ACI-Action,Sports+ACI-,Konami,17.95,X360,2006
Bionicle Heroes,1,Action,Eidos,16.95,Nintendo DS,2006
Deep Labyrinth,1,RolePlaying (RPG),,10.95,Nintendo DS,2006
Blade Dancer: Lineage of Light,1,RolePlaying (RPG),,16.95,Sony PSP,2006
Every Extend Extra,1,Action,,11.95,Sony PSP,2006
Ultimate Ghosts 'N' Goblins,1,Action,Capcom,17.95,Sony PSP,2006
Xiaolin Showdown,1,Action,Konami,14.95,Sony PSP,2006
Bionicle Heroes,1,Action,Eidos,14.95,X360,2006
Bullet Witch,1,Action,Atari,16.95,X360,2006
Death Jr. II: Root of Evil,2,Action,Konami,14.95,Sony PSP,2006
Alex Rider: Stormbreaker,1,+ACI-Action,Adventure+ACI-,THQ,12.95,Nintendo DS,2006
Cartoon Network Racing,1,Racing / Driving,,14.95,Nintendo DS,2006
Guilty Gear: Dust Strikers,1,Action,,14.95,Nintendo DS,2006
Gunpey DS,1,Strategy,Namco,12.95,Nintendo DS,2006
Lara Croft Tomb Raider: Legend,1,+ACI-Action,Racing / Driving+ACI-,Eidos,17.95,Nintendo DS,2006
Worms: Open Warfare,1,+ACI-Action,Strategy+ACI-,THQ,17.95,Nintendo DS,2006
Mercury Meltdown,1,Strategy,,12.95,Sony PSP,2006
MTX Mototrax,1,+ACI-Racing / Driving,Sports+ACI-,Activision,19.95,Sony PSP,2006
Snoopy vs. the Red Baron,1,Action,Namco,17.95,Sony PSP,2006
Super Monkey Ball Adventure,1,+ACI-Action,Racing / Driving+ACI-,Sega,24.95,Sony PSP,2006
Ys VI: The Ark of Napishtim,1,+ACI-Action,RolePlaying (RPG)+ACI-,Konami,16.95,Sony PSP,2006
Bomberman Land Touch+ACE-,1,Action,,24.95,Nintendo DS,2006
Point Blank DS,1,Action,+ACI-Atari,Namco+ACI-,17.95,Nintendo DS,2006
Scurge: Hive,1,Action,,8.95,Nintendo DS,2006
Star Trek: Tactical Assault,1,+ACI-Action,Strategy+ACI-,Ubisoft,17.95,Nintendo DS,2006
Tao's Adventure: Curse of the Demon Seal,1,RolePlaying (RPG),Konami,14.95,Nintendo DS,2006
Ford Bold Moves Street Racing,1,Racing / Driving,Eidos,17.95,Sony PSP,2006
Gitaroo Man Lives+ACE-,1,Simulation,,22.95,Sony PSP,2006
Gradius Collection,1,Action,Konami,17.95,Sony PSP,2006
The Legend of Heroes II: Prophecy of the Moonli...,1,RolePlaying (RPG),Namco,17.95,Sony PSP,2006
Pac+AC0-Man World Rally,1,+ACI-Action,Racing / Driving+ACI-,Namco,17.95,Sony PSP,2006
Bomberman: Act Zero,1,Action,Konami,12.95,X360,2006
Earth Defense Force 2017,2,Action,,17.95,X360,2006
WarTech: Senko no Ronde,2,Action,Ubisoft,12.95,X360,2006
MechAssault: Phantom War,1,Action,,12.95,Nintendo DS,2006
Astonishia Story,1,+ACI-RolePlaying (RPG),Strategy+ACI-,Ubisoft,16.95,Sony PSP,2006
B+AC0-Boy,1,Action,Sony,17.95,Sony PSP,2006
BattleZone,1,Action,Atari,14.95,Sony PSP,2006
Bounty Hounds,1,+ACI-Action,Strategy+ACI-,Namco,17.95,Sony PSP,2006
Bubble Bobble Evolution,1,Action,,12.95,Sony PSP,2006
MotoGP,1,+ACI-Racing / Driving,Sports+ACI-,Sony,32.95,Sony PSP,2006
OutRun 2006: Coast 2 Coast,1,Racing / Driving,Sega,17.95,Sony PSP,2006
Warhammer: Battle for Atluma,1,Strategy,Namco,17.95,Sony PSP,2006
SBK: Snowboard Kids,1,+ACI-Action,Sports+ACI-,,19.95,Nintendo DS,2006
Tenchu: Dark Secret,1,Action,Nintendo,14.95,Nintendo DS,2006
Dungeon Maker: Hunting Ground,1,+ACI-Action,RolePlaying (RPG)+ACI-,,14.95,Sony PSP,2006
Metal Gear Solid: Digital Graphic Novel,1,Adventure,Konami,17.95,Sony PSP,2006
Star Trek: Tactical Assault,1,+ACI-Action,Strategy+ACI-,Ubisoft,17.95,Sony PSP,2006
Micro Machines V4,2,+ACI-Action,Racing / Driving+ACI-,,17.95,Sony PSP,2006
Platypus,2,Action,,14.95,Sony PSP,2006
Custom Robo Arena,1,+ACI-Action,RolePlaying (RPG)+ACI-,Nintendo,17.95,Nintendo DS,2006
Gurumin: A Monstrous Adventure,1,Action,,13.95,Sony PSP,2006
Spider+AC0-Man 3,1,Action,Ubisoft,6.95,Sony PSP,2006
Wii Fit,1,+ACI-Educational,Sports+ACI-,Nintendo,24.95,Nintendo Wii,2007
Halo 3,4,Action,Microsoft,24.95,X360,2007
Call of Duty 4: Modern Warfare,4,Action,Activision,29.95,X360,2007
Super Mario Galaxy,2,Action,Nintendo,39.95,Nintendo Wii,2007
Mario Party DS,1,+ACI-Action,Strategy+ACI-,Nintendo,27.95,Nintendo DS,2007
Mario Party 8,4,+ACI-Action,Strategy+ACI-,Nintendo,39.95,Nintendo Wii,2007
Guitar Hero III: Legends of Rock,2,+ACI-Action,Simulation+ACI-,Activision,12.95,X360,2007
Link's Crossbow Training,1,Action,Nintendo,14.95,Nintendo Wii,2007
Guitar Hero III: Legends of Rock,2,+ACI-Action,Simulation+ACI-,Activision,49.95,Nintendo Wii,2007
Assassin's Creed,1,Action,Ubisoft,16.95,X360,2007
LEGO Star Wars: The Complete Saga,2,Action,,17.95,Nintendo Wii,2007
Call of Duty 4: Modern Warfare,4,Action,Activision,24.95,PlayStation 3,2007
Mario +ACY- Sonic at the Olympic Games,4,+ACI-Action,Sports+ACI-,+ACI-Nintendo,Sega+ACI-,29.95,Nintendo Wii,2007
LEGO Star Wars: The Complete Saga,1,+ACI-Action,Racing / Driving+ACI-,,17.95,Nintendo DS,2007
Forza Motorsport 2,2,Racing / Driving,Microsoft,12.95,X360,2007
Madden NFL 08,4,Sports,EA,9.95,X360,2007
Guitar Hero II,2,+ACI-Action,Simulation+ACI-,Activision,17.95,X360,2007
Rock Band,4,+ACI-Action,Simulation+ACI-,,14.95,X360,2007
The Legend of Zelda: Phantom Hourglass,1,Action,Nintendo,24.95,Nintendo DS,2007
Pokmon Mystery Dungeon: Explorers of Darkness,1,RolePlaying (RPG),Nintendo,15.95,Nintendo DS,2007
Pokmon Mystery Dungeon: Explorers of Time,1,RolePlaying (RPG),Nintendo,24.95,Nintendo DS,2007
Assassin's Creed,1,Action,Ubisoft,17.95,PlayStation 3,2007
Uncharted: Drake's Fortune,1,Action,Sony,24.95,PlayStation 3,2007
Mass Effect,1,+ACI-Action,RolePlaying (RPG)+ACI-,Microsoft,17.95,X360,2007
Cooking Mama 2: Dinner with Friends,1,Simulation,,17.95,Nintendo DS,2007
BioShock,1,Action,2K,16.95,X360,2007
Super Paper Mario,1,+ACI-Action,RolePlaying (RPG)+ACI-,Nintendo,29.95,Nintendo Wii,2007
Game Party,4,Action,Midway,14.95,Nintendo Wii,2007
Ratchet +ACY- Clank: Size Matters,1,Action,Sony,14.95,Sony PSP,2007
Dance Dance Revolution Hottest Party,4,Action,Konami,17.95,Nintendo Wii,2007
Cooking Mama: Cook Off,2,Simulation,,14.95,Nintendo Wii,2007
Gran Turismo 5: Prologue,2,+ACI-Racing / Driving,Simulation+ACI-,Sony,24.95,PlayStation 3,2007
Professor Layton and the Curious Village,1,+ACI-Adventure,Educational,Strategy+ACI-,Nintendo,23.95,Nintendo DS,2007
Resident Evil 4,1,Action,Capcom,16.95,Nintendo Wii,2007
The Elder Scrolls IV: Oblivion,1,+ACI-Action,RolePlaying (RPG)+ACI-,Ubisoft,17.95,PlayStation 3,2007
Transformers: Autobots,1,+ACI-Action,Racing / Driving+ACI-,Activision,17.95,Nintendo DS,2007
Transformers: Decepticons,1,+ACI-Action,Racing / Driving+ACI-,Activision,17.95,Nintendo DS,2007
Diddy Kong Racing DS,1,+ACI-Racing / Driving,Sports+ACI-,Nintendo,24.95,Nintendo DS,2007
Big Brain Academy: Wii Degree,8,Action,Nintendo,19.95,Nintendo Wii,2007
Need for Speed: ProStreet,2,Racing / Driving,EA,16.95,X360,2007
Deal or No Deal,1,Strategy,,11.95,Nintendo DS,2007
LEGO Star Wars: The Complete Saga,2,Action,,17.95,X360,2007
Sonic and the Secret Rings,4,Action,Sega,16.95,Nintendo Wii,2007
The Orange Box,1,Action,,17.95,X360,2007
Crackdown,1,+ACI-Action,Racing / Driving,RolePlaying (RPG)+ACI-,Microsoft,14.95,X360,2007
Rock Band,4,+ACI-Action,Simulation+ACI-,,14.95,PlayStation 3,2007
Tiger Woods PGA Tour 08,4,Sports,EA,17.95,Nintendo Wii,2007
WWE Smackdown vs. Raw 2008,4,Sports,THQ,12.95,X360,2007
Madden NFL 08,4,Sports,EA,9.95,PlayStation 3,2007
Call of Duty 4: Modern Warfare,1,Action,Activision,19.95,Nintendo DS,2007
MySims,1,+ACI-Simulation,Strategy+ACI-,EA,17.95,Nintendo Wii,2007
Mario Strikers Charged,4,+ACI-Action,Sports+ACI-,Nintendo,29.95,Nintendo Wii,2007
Star Wars Battlefront: Renegade Squadron,1,Action,,16.95,Sony PSP,2007
Flash Focus: Vision Training in Minutes a Day,1,Action,Nintendo,17.95,Nintendo DS,2007
Metroid Prime 3: Corruption,1,Action,Nintendo,19.95,Nintendo Wii,2007
Tom Clancy's Ghost Recon: Advanced Warfighter 2...,1,Action,Ubisoft,14.95,X360,2007
Madden NFL 08,4,Sports,EA,12.95,Nintendo Wii,2007
Ratchet +ACY- Clank Future: Tools of Destruction,1,Action,Sony,22.95,PlayStation 3,2007
LEGO Star Wars: The Complete Saga,2,Action,,17.95,PlayStation 3,2007
Rayman Raving Rabbids 2,4,Action,Ubisoft,17.95,Nintendo Wii,2007
NBA 2K8 ,1,Sports,2K,9.95,X360,2007
Namco Museum DS,1,Action,Namco,17.95,Nintendo DS,2007
Need for Speed: ProStreet,2,Racing / Driving,EA,16.95,PlayStation 3,2007
Blazing Angels: Squadrons of WWII,2,Action,Ubisoft,16.95,Nintendo Wii,2007
Drawn to Life,1,Action,THQ,17.95,Nintendo DS,2007
EA Playground,4,+ACI-Action,Racing / Driving,Sports+ACI-,EA,17.95,Nintendo Wii,2007
Major League Baseball 2K7,2,Sports,2K,9.95,X360,2007
Resident Evil: The Umbrella Chronicles,2,Action,+ACI-Capcom,Nintendo+ACI-,19.95,Nintendo Wii,2007
NCAA Football 08,2,Sports,EA,9.95,X360,2007
Spectrobes,1,+ACI-Action,Strategy+ACI-,,14.95,Nintendo DS,2007
The Sims 2: Castaway,1,Simulation,EA,16.95,Nintendo DS,2007
WWE Smackdown vs. Raw 2008,6,Sports,THQ,14.95,PlayStation 3,2007
Madden NFL 08,1,Sports,EA,9.95,Sony PSP,2007
NBA Live 08,4,Sports,EA,9.95,PlayStation 3,2007
The Simpsons Game,1,Action,EA,17.95,Nintendo DS,2007
Ace Combat 6: Fires of Liberation,1,+ACI-Action,Simulation+ACI-,Namco,19.95,X360,2007
Heavenly Sword,1,Action,Sony,24.95,PlayStation 3,2007
Ninja Gaiden Sigma,1,Action,,19.95,PlayStation 3,2007
Ben 10: Protector of the Earth,1,Action,,16.95,Nintendo Wii,2007
The Simpsons Game,2,Action,EA,17.95,X360,2007
CrossworDS,1,+ACI-Educational,Strategy+ACI-,,17.95,Nintendo DS,2007
Sonic Rush Adventure,1,+ACI-Action,Sports+ACI-,Sega,24.95,Nintendo DS,2007
Tiger Woods PGA Tour 08,4,Sports,EA,14.95,X360,2007
Tony Hawk's Proving Ground,2,Sports,Activision,16.95,X360,2007
Call of Duty: Roads to Victory,1,Action,Activision,24.95,Sony PSP,2007
Transformers: The Game,1,Action,Activision,14.95,X360,2007
NBA 2K8,7,Sports,2K,9.95,PlayStation 3,2007
Medal of Honor: Heroes 2,1,Action,EA,17.95,Sony PSP,2007
Spider+AC0-Man 3,1,Action,Activision,11.95,X360,2007
Tom Clancy's Rainbow Six: Vegas,2,Action,Ubisoft,16.95,PlayStation 3,2007
Need for Speed: ProStreet,2,Racing / Driving,EA,16.95,Nintendo Wii,2007
NBA LIVE 08 ,1,Sports,EA,9.95,X360,2007
Dance Dance Revolution Universe 2,4,Action,Konami,19.95,X360,2007
MX vs. ATV Untamed,2,Racing / Driving,THQ,17.95,X360,2007
Final Fantasy IV,1,RolePlaying (RPG),SquareEnix,17.95,Nintendo DS,2007
NBA Street Homecourt,4,Sports,EA,7.95,X360,2007
The Simpsons Game,2,Action,EA,17.95,Nintendo Wii,2007
Winter Sports: The Ultimate Challenge,1,+ACI-Racing / Driving,Sports+ACI-,,16.95,Nintendo Wii,2007
WWE Smackdown vs. Raw 2008,4,Sports,THQ,16.95,Sony PSP,2007
Tiger Woods PGA Tour 07,4,Sports,EA,17.95,Nintendo Wii,2007
Crash of the Titans,1,Action,,17.95,Nintendo DS,2007
Sonic Rivals 2,1,Action,Sega,22.95,Sony PSP,2007
Boogie,2,Action,EA,17.95,Nintendo Wii,2007
Medal of Honor: Airborne,2,Action,EA,17.95,X360,2007
The Sims 2: Castaway,1,Simulation,EA,17.95,Nintendo Wii,2007
Spider+AC0-Man 3,1,Action,Activision,14.95,Nintendo Wii,2007
Lost Odyssey,1,RolePlaying (RPG),Microsoft,19.95,X360,2007
Bee Movie Game,1,Adventure,Activision,17.95,Nintendo DS,2007
Spider+AC0-Man 3,1,Action,Activision,16.95,Nintendo DS,2007
Final Fantasy Tactics,1,+ACI-RolePlaying (RPG),Strategy+ACI-,SquareEnix,17.95,Sony PSP,2007
Endless Ocean,1,Simulation,Nintendo,24.95,Nintendo Wii,2007
SingStar,6,Simulation,Sony,14.95,PlayStation 3,2007
Ratatouille,1,Action,THQ,19.95,Nintendo Wii,2007
The Sims 2: Pets,1,Simulation,EA,22.95,Nintendo Wii,2007
Two Worlds,1,+ACI-Action,RolePlaying (RPG)+ACI-,,14.95,X360,2007
Crash of the Titans,2,Action,,17.95,Nintendo Wii,2007
Sonic the Hedgehog,2,Action,Sega,14.95,X360,2007
Mega Man Star Force: Dragon,1,+ACI-Action,RolePlaying (RPG)+ACI-,Capcom,27.95,Nintendo DS,2007
Sonic the Hedgehog,2,Action,Sega,16.95,PlayStation 3,2007
Harry Potter and the Order of the Phoenix,1,Action,EA,24.95,Nintendo Wii,2007
Nicktoons: Attack of the Toybots,1,Action,THQ,14.95,Nintendo Wii,2007
WWE Smackdown vs. Raw 2008,4,Sports,THQ,12.95,Nintendo Wii,2007
The Simpsons Game,2,Action,EA,17.95,PlayStation 3,2007
DiRT,1,+ACI-Racing / Driving,Simulation,Sports+ACI-,,17.95,X360,2007
Kane +ACY- Lynch: Dead Men,2,Action,Eidos,14.95,X360,2007
Jam Sessions,1,+ACI-Educational,Simulation+ACI-,Ubisoft,8.95,Nintendo DS,2007
Monster Hunter Freedom 2,1,+ACI-Action,Strategy+ACI-,Capcom,12.95,Sony PSP,2007
Shadowrun,1,Action,Microsoft,12.95,X360,2007
Thrillville: Off the Rails,4,+ACI-Simulation,Strategy+ACI-,,16.95,Nintendo Wii,2007
Tony Hawk's Proving Ground,2,Sports,Activision,12.95,PlayStation 3,2007
My Word Coach,1,Educational,Ubisoft,15.95,Nintendo DS,2007
The World Ends With You,1,+ACI-Action,Adventure,RolePlaying (RPG)+ACI-,SquareEnix,17.95,Nintendo DS,2007
The BIGS,4,+ACI-Action,Simulation,Sports+ACI-,2K,17.95,Nintendo Wii,2007
NCAA Football 08,2,Sports,EA,9.95,PlayStation 3,2007
Final Fantasy Tactics A2: Grimoire of the Rift,1,+ACI-RolePlaying (RPG),Strategy+ACI-,SquareEnix,17.95,Nintendo DS,2007
Beowulf: The Game,1,Action,Ubisoft,12.95,X360,2007
The Darkness,1,Action,2K,14.95,X360,2007
Tom Clancy's Ghost Recon: Advanced Warfighter 2...,4,Action,Ubisoft,17.95,PlayStation 3,2007
Final Fantasy,1,RolePlaying (RPG),SquareEnix,17.95,Sony PSP,2007
Lair,1,Action,Sony,19.95,PlayStation 3,2007
Transformers: The Game,1,Action,Activision,17.95,Nintendo Wii,2007
Command +ACY- Conquer 3: Tiberium Wars,1,Strategy,EA,24.95,X360,2007
Overlord,1,+ACI-Action,Strategy+ACI-,,17.95,X360,2007
Diner Dash,1,Action,,17.95,Nintendo DS,2007
Medal of Honor: Heroes 2,1,Action,EA,19.95,Nintendo Wii,2007
MX vs. ATV Untamed,2,Racing / Driving,THQ,17.95,PlayStation 3,2007
Time Crisis 4,2,Action,Namco,24.95,PlayStation 3,2007
Dragon Ball Z: Budokai Tenkaichi 3,2,Action,Atari,17.95,Nintendo Wii,2007
Final Fantasy XII: Revenant Wings,1,+ACI-RolePlaying (RPG),Strategy+ACI-,SquareEnix,19.95,Nintendo DS,2007
SOCOM: U.S. Navy SEALs +AC0- Tactical Strike,1,+ACI-Action,Strategy+ACI-,Sony,14.95,Sony PSP,2007
Unreal Tournament III,1,Action,Midway,16.95,PlayStation 3,2007
Bee Movie Game,2,Action,Activision,14.95,Nintendo Wii,2007
Def Jam: Icon,2,Action,EA,17.95,X360,2007
Transformers: The Game,1,Action,Activision,17.95,PlayStation 3,2007
TimeShift,1,Action,,12.95,X360,2007
SSX Blur,4,Sports,EA,17.95,Nintendo Wii,2007
Bleach: The Blade of Fate,1,Action,Sega,17.95,Nintendo DS,2007
EA Playground,1,+ACI-Racing / Driving,Sports+ACI-,EA,11.95,Nintendo DS,2007
Final Fantasy II,1,RolePlaying (RPG),SquareEnix,17.95,Sony PSP,2007
The Eye of Judgment,2,Strategy,Sony,12.95,PlayStation 3,2007
MLB 07: The Show,2,Sports,Sony,9.95,PlayStation 3,2007
Virtua Fighter 5,2,Action,Sega,14.95,PlayStation 3,2007
NiGHTS: Journey of Dreams,2,Action,Sega,14.95,Nintendo Wii,2007
Puzzle Quest: Challenge of the Warlords,1,+ACI-RolePlaying (RPG),Strategy+ACI-,,17.95,Nintendo DS,2007
NBA Live 08,1,Sports,EA,14.95,Sony PSP,2007
Kane +ACY- Lynch: Dead Men,2,Action,Eidos,19.95,PlayStation 3,2007
Crash of the Titans,2,Action,,17.95,X360,2007
Harry Potter and the Order of the Phoenix,1,Action,EA,17.95,Nintendo DS,2007
SimCity DS,1,Simulation,EA,14.95,Nintendo DS,2007
Wario: Master of Disguise,1,Action,Nintendo,14.95,Nintendo DS,2007
No More Heroes,1,+ACI-Action,Racing / Driving+ACI-,Ubisoft,17.95,Nintendo Wii,2007
BlackSite: Area 51,1,Action,Midway,17.95,X360,2007
Shrek the Third,2,Action,Activision,14.95,X360,2007
Shrek the Third,1,Adventure,Activision,16.95,Nintendo DS,2007
Surf's Up,1,+ACI-Racing / Driving,Sports+ACI-,Ubisoft,14.95,Nintendo DS,2007
MLB 07: The Show,1,Sports,Sony,9.95,Sony PSP,2007
TMNT,1,Action,Ubisoft,19.95,X360,2007
Spider+AC0-Man: Friend or Foe,2,Action,Activision,17.95,X360,2007
Contra 4,1,Action,Konami,17.95,Nintendo DS,2007
Phoenix Wright: Ace Attorney +AC0- Trials and Tribu...,1,+ACI-Adventure,Simulation+ACI-,Capcom,17.95,Nintendo DS,2007
Disney Pirates of the Caribbean: At World's End,1,Action,Disney,14.95,Nintendo DS,2007
Dragon Ball Z: Shin Budokai +AC0- Another Road,1,Action,+ACI-Atari,Namco+ACI-,16.95,Sony PSP,2007
Spider+AC0-Man 3,1,Action,Activision,17.95,PlayStation 3,2007
The Golden Compass,1,Action,Sega,9.95,X360,2007
Stuntman: Ignition,4,+ACI-Action,Racing / Driving+ACI-,THQ,14.95,X360,2007
Chicken Shoot,2,Action,,12.95,Nintendo Wii,2007
Shrek the Third,2,Action,Activision,16.95,Nintendo Wii,2007
DK: Jungle Climber,1,+ACI-Action,Strategy+ACI-,Nintendo,24.95,Nintendo DS,2007
Dragon Quest IV: Chapters of the Chosen,1,RolePlaying (RPG),SquareEnix,24.95,Nintendo DS,2007
300: March to Glory,1,Action,Eidos,14.95,Sony PSP,2007
Fire Emblem: Radiant Dawn,1,+ACI-RolePlaying (RPG),Strategy+ACI-,Nintendo,34.95,Nintendo Wii,2007
The Golden Compass,1,Action,Sega,14.95,Nintendo Wii,2007
Manhunt 2,1,Action,Rockstar,19.95,Nintendo Wii,2007
NASCAR 08,1,+ACI-Racing / Driving,Sports+ACI-,EA,12.95,X360,2007
Virtua Tennis 3,4,Sports,Sega,19.95,PlayStation 3,2007
All+AC0-Pro Football 2K8,4,Sports,2K,7.95,X360,2007
Major League Baseball 2K7,2,Sports,2K,7.95,PlayStation 3,2007
The Warriors,1,Action,Rockstar,17.95,Sony PSP,2007
Ghost Rider,4,Action,2K,16.95,Sony PSP,2007
Tony Hawk's Proving Ground,2,Sports,Activision,16.95,Nintendo Wii,2007
Juiced 2: Hot Import Nights,2,Racing / Driving,THQ,14.95,X360,2007
Juiced 2: Hot Import Nights,1,Racing / Driving,THQ,13.95,Nintendo DS,2007
The Simpsons Game,1,Action,EA,16.95,Sony PSP,2007
Syphon Filter: Logan's Shadow,1,+ACI-Action,Strategy+ACI-,Sony,16.95,Sony PSP,2007
Tiger Woods PGA Tour 08,4,Sports,EA,12.95,PlayStation 3,2007
Ratatouille,4,Action,THQ,16.95,X360,2007
Trauma Center: New Blood,2,+ACI-Action,Simulation+ACI-,Nintendo,17.95,Nintendo Wii,2007
Hotel Dusk: Room 215,1,Adventure,Nintendo,14.95,Nintendo DS,2007
Mega Man ZX Advent,1,Action,Capcom,17.95,Nintendo DS,2007
Silent Hill: 0rigins,1,Action,Konami,17.95,Sony PSP,2007
Harry Potter and the Order of the Phoenix,1,Action,EA,16.95,X360,2007
NHL 08 ,1,Sports,EA,9.95,X360,2007
Castlevania: The Dracula X Chronicles,2,Action,Konami,16.95,Sony PSP,2007
Tony Hawk's Proving Ground,1,Sports,Activision,13.95,Nintendo DS,2007
Jeanne d'Arc,1,+ACI-RolePlaying (RPG),Strategy+ACI-,Sony,19.95,Sony PSP,2007
BWii: Battalion Wars 2,1,+ACI-Action,Simulation,Strategy+ACI-,Nintendo,14.95,Nintendo Wii,2007
Battlestations: Midway,1,+ACI-Action,Strategy+ACI-,Eidos,17.95,X360,2007
Dragon Ball Z: Harukanaru Densetsu,1,Strategy,Atari,14.95,Nintendo DS,2007
Touch the Dead,1,Action,,16.95,Nintendo DS,2007
The Darkness,1,Action,2K,14.95,PlayStation 3,2007
Donkey Kong Barrel Blast,4,Racing / Driving,Nintendo,29.95,Nintendo Wii,2007
The BIGS,4,+ACI-Action,Simulation,Sports+ACI-,2K,12.95,X360,2007
Armored Core 4,2,Action,Sega,17.95,X360,2007
Etrian Odyssey,1,RolePlaying (RPG),Nintendo,24.95,Nintendo DS,2007
Ben 10: Protector of the Earth,1,Action,,16.95,Sony PSP,2007
Tom Clancy's Splinter Cell: Double Agent,1,+ACI-Action,Strategy+ACI-,Ubisoft,22.95,PlayStation 3,2007
Looney Tunes: Acme Arsenal,1,Action,,14.95,Nintendo Wii,2007
Zack +ACY- Wiki: Quest for Barbaros' Treasure,1,Adventure,Capcom,17.95,Nintendo Wii,2007
Monster Jam,4,Sports,Activision,17.95,X360,2007
Virtua Fighter 5,2,Action,Sega,17.95,X360,2007
Lunar Knights,1,Action,Konami,16.95,Nintendo DS,2007
Enchanted Arms,1,RolePlaying (RPG),Ubisoft,17.95,PlayStation 3,2007
F.E.A.R.: First Encounter Assault Recon,1,Action,,17.95,PlayStation 3,2007
Folklore,1,+ACI-Action,RolePlaying (RPG)+ACI-,Sony,24.95,PlayStation 3,2007
Juiced 2: Hot Import Nights,1,Racing / Driving,THQ,17.95,PlayStation 3,2007
The Elder Scrolls IV: Shivering Isles,1,+ACI-Action,RolePlaying (RPG)+ACI-,,24.95,X360,2007
NHL 08,7,Sports,EA,9.95,PlayStation 3,2007
NCAA 07 March Madness,4,Sports,EA,7.95,X360,2007
Rayman Raving Rabbids,4,Action,Ubisoft,16.95,X360,2007
Viva Pi+ACQ-?ata: Party Animals,4,Racing / Driving,Microsoft,14.95,X360,2007
Warriors Orochi,2,+ACI-Action,RolePlaying (RPG)+ACI-,,19.95,X360,2007
Luminous Arc,1,+ACI-RolePlaying (RPG),Strategy+ACI-,,24.95,Nintendo DS,2007
Picross DS,1,Strategy,Nintendo,17.95,Nintendo DS,2007
Harry Potter and the Order of the Phoenix,1,Action,EA,17.95,PlayStation 3,2007
College Hoops 2K7,6,Sports,2K,6.95,PlayStation 3,2007
The BIGS,4,+ACI-Action,Simulation,Sports+ACI-,2K,22.95,PlayStation 3,2007
Stuntman: Ignition,4,+ACI-Action,Racing / Driving+ACI-,THQ,16.95,PlayStation 3,2007
Mortal Kombat: Armageddon,4,+ACI-Action,Racing / Driving+ACI-,Midway,24.95,Nintendo Wii,2007
Def Jam: Icon,2,Action,EA,16.95,PlayStation 3,2007
Soulcalibur Legends,2,Action,Namco,16.95,Nintendo Wii,2007
Surf's Up,2,Sports,Ubisoft,16.95,Nintendo Wii,2007
Planet Puzzle League,1,Strategy,Nintendo,17.95,Nintendo DS,2007
DiRT,1,+ACI-Racing / Driving,Simulation,Sports+ACI-,,17.95,PlayStation 3,2007
TMNT,1,Action,Ubisoft,17.95,Nintendo Wii,2007
Soldier of Fortune: Payback,1,Action,Activision,13.95,X360,2007
Dynasty Warriors: Gundam,2,Action,Namco,22.95,PlayStation 3,2007
Disney Pirates of the Caribbean: At World's End,2,Action,Disney,14.95,PlayStation 3,2007
Bee Movie Game,2,Action,Activision,12.95,X360,2007
Dynasty Warriors: Gundam,2,Action,Namco,22.95,X360,2007
Golden Axe,2,Action,Sega,14.95,X360,2007
Dementium: The Ward,1,Action,,17.95,Nintendo DS,2007
Rondo of Swords,1,+ACI-RolePlaying (RPG),Strategy+ACI-,,19.95,Nintendo DS,2007
Disgaea: Afternoon of Darkness,1,+ACI-RolePlaying (RPG),Strategy+ACI-,,17.95,Sony PSP,2007
NASCAR 08,1,+ACI-Racing / Driving,Sports+ACI-,EA,14.95,PlayStation 3,2007
Dragon Quest Swords: The Masked Queen and the T...,1,Action,SquareEnix,16.95,Nintendo Wii,2007
Call of Juarez,1,Action,Ubisoft,14.95,X360,2007
College Hoops 2K8,1,Sports,2K,9.95,X360,2007
Eternal Sonata,1,RolePlaying (RPG),Namco,27.95,X360,2007
Kingdom Under Fire: Circle of Doom,1,+ACI-Action,RolePlaying (RPG)+ACI-,Microsoft,14.95,X360,2007
Vampire Rain,1,Action,Microsoft,11.95,X360,2007
All+AC0-Pro Football 2K8,6,Sports,2K,9.95,PlayStation 3,2007
Mercury Meltdown,2,Strategy,,12.95,Nintendo Wii,2007
Conan,1,+ACI-Action,Adventure+ACI-,THQ,17.95,PlayStation 3,2007
Godzilla: Unleashed,1,Action,Atari,24.95,Nintendo Wii,2007
NBA Live 08,1,Sports,EA,14.95,Nintendo Wii,2007
Conan,1,+ACI-Action,Adventure+ACI-,THQ,14.95,X360,2007
Spider+AC0-Man: Friend or Foe,2,Action,Activision,17.95,Nintendo Wii,2007
College Hoops 2K8,7,Sports,2K,12.95,PlayStation 3,2007
NBA 08,4,Sports,Sony,9.95,PlayStation 3,2007
Thrillville: Off the Rails,4,+ACI-Simulation,Strategy+ACI-,,17.95,X360,2007
Geometry Wars: Galaxies,1,Action,,14.95,Nintendo DS,2007
Rayman Raving Rabbids,1,Action,Ubisoft,17.95,Nintendo DS,2007
WordJong,1,Strategy,,17.95,Nintendo DS,2007
+ACI-Warhammer 40,000: Squad Command+ACI-,1,Strategy,THQ,17.95,Sony PSP,2007
Beowulf: The Game,1,Action,Ubisoft,12.95,PlayStation 3,2007
The Golden Compass,1,Action,Sega,12.95,PlayStation 3,2007
Scarface: The World is Yours,1,+ACI-Action,Racing / Driving+ACI-,,22.95,Nintendo Wii,2007
Hot Wheels: Beat That+ACE-,1,+ACI-Action,Racing / Driving+ACI-,Activision,19.95,X360,2007
NHL 2K8 ,1,Sports,2K,6.95,X360,2007
NBA Street Homecourt,4,Sports,EA,14.95,PlayStation 3,2007
Geometry Wars: Galaxies,2,Action,,16.95,Nintendo Wii,2007
Final Fantasy: Crystal Chronicles +AC0- Echoes of Time,1,Action,SquareEnix,24.95,Nintendo DS,2007
Godzilla Unleashed: Double Smash,1,Action,Atari,17.95,Nintendo DS,2007
MX vs. ATV Untamed,1,Racing / Driving,THQ,17.95,Nintendo DS,2007
WWE SmackDown vs. Raw 2008,1,Sports,THQ,14.95,Nintendo DS,2007
The BIGS,1,+ACI-Action,Simulation,Sports+ACI-,2K,16.95,Sony PSP,2007
Brave Story: New Traveler,1,RolePlaying (RPG),,17.95,Sony PSP,2007
WipEout Pulse,1,+ACI-Action,Racing / Driving+ACI-,Sony,16.95,Sony PSP,2007
TimeShift,1,Action,,16.95,PlayStation 3,2007
Star Trek: Conquest,1,+ACI-Action,Strategy+ACI-,,27.95,Nintendo Wii,2007
Beautiful Katamari,1,Action,Namco,17.95,X360,2007
Hour of Victory,1,Action,Midway,12.95,X360,2007
Fantastic Four: Rise of the Silver Surfer,4,Action,2K,14.95,PlayStation 3,2007
SEGA Rally Revo,2,+ACI-Racing / Driving,Simulation+ACI-,Sega,14.95,X360,2007
7 Wonders of the Ancient World,1,Strategy,,17.95,Nintendo DS,2007
Draglade,1,Action,,16.95,Nintendo DS,2007
Final Fantasy Fables: Chocobo Tales,1,Action,SquareEnix,17.95,Nintendo DS,2007
Marvel Trading Card Game,1,Strategy,Konami,16.95,Nintendo DS,2007
Crazy Taxi: Fare Wars,1,+ACI-Action,Racing / Driving+ACI-,Sega,17.95,Sony PSP,2007
The Golden Compass,1,Action,Sega,14.95,Sony PSP,2007
Harry Potter and the Order of the Phoenix,1,Action,EA,16.95,Sony PSP,2007
Bladestorm: The Hundred Years' War,1,+ACI-Action,RolePlaying (RPG),Strategy+ACI-,,44.95,PlayStation 3,2007
Surf's Up,4,Sports,Ubisoft,17.95,X360,2007
Blazing Angels 2: Secret Missions of WWII,2,Action,Ubisoft,16.95,X360,2007
InuYasha: Secret of the Divine Jewel,1,RolePlaying (RPG),Namco,24.95,Nintendo DS,2007
The Settlers,1,Strategy,Ubisoft,17.95,Nintendo DS,2007
Shrek the Third,1,Action,Activision,22.95,Sony PSP,2007
Ratatouille,1,Action,THQ,17.95,PlayStation 3,2007
Soldier of Fortune: Payback,1,Action,Activision,14.95,PlayStation 3,2007
Heatseeker,1,Action,,17.95,Nintendo Wii,2007
NHL 2K8,7,Sports,,9.95,PlayStation 3,2007
NCAA March Madness 08,4,Sports,EA,12.95,PlayStation 3,2007
Fantastic Four: Rise of the Silver Surfer,4,Action,2K,14.95,X360,2007
Monster Madness: Battle for Suburbia,4,Action,,14.95,X360,2007
Pro Evolution Soccer 2008,4,Sports,Konami,14.95,X360,2007
Blazing Angels 2: Secret Missions of WWII,2,Action,Ubisoft,22.95,PlayStation 3,2007
Cake Mania,1,Action,,16.95,Nintendo DS,2007
River King: Mystic Valley,1,+ACI-Adventure,Simulation,Sports+ACI-,,24.95,Nintendo DS,2007
Touch Detective 2 1/2,1,Adventure,,14.95,Nintendo DS,2007
7 Wonders of the Ancient World,1,Strategy,,17.95,Sony PSP,2007
Brooktown High,1,Simulation,Konami,16.95,Sony PSP,2007
Crush,1,Action,Sega,16.95,Sony PSP,2007
Jackass: The Game,1,Action,,17.95,Sony PSP,2007
The Sims 2: Castaway,1,Simulation,EA,17.95,Sony PSP,2007
Test Drive Unlimited,1,Racing / Driving,Atari,17.95,Sony PSP,2007
Thrillville: Off the Rails,1,+ACI-Simulation,Strategy+ACI-,,16.95,Sony PSP,2007
Victorious Boxers: Revolution,1,+ACI-Action,Simulation,Sports+ACI-,Ubisoft,24.95,Nintendo Wii,2007
Bladestorm: The Hundred Years' War,1,+ACI-Action,RolePlaying (RPG),Strategy+ACI-,,34.95,X360,2007
Looney Tunes: Acme Arsenal,4,Action,,17.95,X360,2007
SEGA Rally Revo,2,+ACI-Racing / Driving,Simulation+ACI-,Sega,16.95,PlayStation 3,2007
Death Jr. and the Science Fair of Doom,1,Action,Konami,12.95,Nintendo DS,2007
Indianapolis 500 Legends,1,Racing / Driving,,16.95,Nintendo DS,2007
Worms: Open Warfare 2,1,+ACI-Action,Strategy+ACI-,THQ,17.95,Nintendo DS,2007
Alien Syndrome,1,Action,Sega,12.95,Sony PSP,2007
BlackSite: Area 51,1,Action,Midway,17.95,PlayStation 3,2007
Code Lyoko: Quest for Infinity,1,Action,,17.95,Nintendo Wii,2007
Super Swing Golf Season 2,1,Sports,,19.95,Nintendo Wii,2007
FlatOut: Ultimate Carnage,1,Racing / Driving,,16.95,X360,2007
Zoids Assault,1,+ACI-RolePlaying (RPG),Strategy+ACI-,,17.95,X360,2007
Alien Syndrome,4,Action,Sega,12.95,Nintendo Wii,2007
Tetris Evolution,4,Strategy,THQ,17.95,X360,2007
Heroes of Mana,1,Strategy,SquareEnix,24.95,Nintendo DS,2007
Myst,1,Adventure,Midway,24.95,Nintendo DS,2007
Coded Arms: Contagion,1,Action,Konami,14.95,Sony PSP,2007
King of Clubs,1,Sports,,14.95,Nintendo Wii,2007
F.E.A.R. Files,1,Action,,17.95,X360,2007
Ontamarama,1,Action,,17.95,Nintendo DS,2007
Retro Game Challenge,1,+ACI-Action,Racing / Driving,RolePlaying (RPG)+ACI-,Namco,17.95,Nintendo DS,2007
Ultimate Mortal Kombat 3,1,Action,Midway,23.95,Nintendo DS,2007
+ACI-Warhammer 40,000: Squad Command+ACI-,1,Strategy,THQ,17.95,Nintendo DS,2007
Juiced 2: Hot Import Nights,1,Racing / Driving,THQ,16.95,Sony PSP,2007
Pursuit Force: Extreme Justice,1,+ACI-Action,Racing / Driving+ACI-,Sony,14.95,Sony PSP,2007
Medal of Honor: Vanguard,1,Action,EA,17.95,Nintendo Wii,2007
World Series of Poker 2008: Battle for the Brac...,1,Simulation,Activision,19.95,X360,2007
Pro Evolution Soccer 2008,7,Sports,Konami,17.95,PlayStation 3,2007
Worms: Open Warfare 2,4,+ACI-Action,Strategy+ACI-,THQ,17.95,Sony PSP,2007
Surf's Up,4,Sports,Ubisoft,17.95,PlayStation 3,2007
Fantastic Four: Rise of the Silver Surfer,4,Action,2K,12.95,Nintendo Wii,2007
Brothers in Arms DS,1,Action,Ubisoft,17.95,Nintendo DS,2007
Bubble Bobble Double Shot,1,Action,,17.95,Nintendo DS,2007
Fantastic Four: Rise of the Silver Surfer,1,Action,2K,14.95,Nintendo DS,2007
Zendoku,1,+ACI-RolePlaying (RPG),Strategy+ACI-,Eidos,16.95,Nintendo DS,2007
Heatseeker,1,Action,,12.95,Sony PSP,2007
Manhunt 2,1,Action,Rockstar,7.95,Sony PSP,2007
SWAT: Target Liberty,1,+ACI-Action,Strategy+ACI-,,12.95,Sony PSP,2007
Anubis II,1,Action,,9.95,Nintendo Wii,2007
Barnyard,1,+ACI-Action,Adventure+ACI-,THQ,17.95,Nintendo Wii,2007
Escape from Bug Island,1,Action,Eidos,14.95,Nintendo Wii,2007
Octomania,1,+ACI-Action,Strategy+ACI-,,14.95,Nintendo Wii,2007
Cabela's Big Game Hunter,1,+ACI-Simulation,Sports+ACI-,Activision,19.95,X360,2007
UEFA Champions League 2006+AC0-2007,4,Sports,EA,6.95,X360,2007
Aliens Vs Predator: Requiem,2,Action,,17.95,Sony PSP,2007
NBA 08,2,Sports,Sony,7.95,Sony PSP,2007
Guilty Gear XX ? Core,2,Action,,24.95,Nintendo Wii,2007
Arkanoid DS,1,Strategy,SquareEnix,16.95,Nintendo DS,2007
Code Lyoko,1,+ACI-Action,Adventure+ACI-,,11.95,Nintendo DS,2007
Dynasty Warriors DS: Fighter's Battle,1,+ACI-Action,Strategy+ACI-,,14.95,Nintendo DS,2007
Orcs +ACY- Elves,1,+ACI-Action,RolePlaying (RPG)+ACI-,EA,14.95,Nintendo DS,2007
Prism: Light the Way,1,+ACI-Action,Strategy+ACI-,Eidos,16.95,Nintendo DS,2007
Dead Head Fred,1,Action,,12.95,Sony PSP,2007
Hot Pixel,1,Action,Atari,8.95,Sony PSP,2007
The Legend of Heroes III: Song of the Ocean,1,RolePlaying (RPG),Namco,17.95,Sony PSP,2007
SEGA Rally Revo,1,+ACI-Racing / Driving,Simulation+ACI-,Sega,16.95,Sony PSP,2007
Bionicle Heroes,1,Action,Eidos,17.95,Nintendo Wii,2007
Burnout Dominator,4,+ACI-Action,Racing / Driving+ACI-,EA,17.95,Sony PSP,2007
Samurai Warriors 2: Empires,2,+ACI-Action,RolePlaying (RPG),Strategy+ACI-,,19.95,X360,2007
Meteos: Disney Magic,1,Strategy,Disney,12.95,Nintendo DS,2007
Turn It Around,1,+ACI-Racing / Driving,Sports+ACI-,,9.95,Nintendo DS,2007
Cube,1,Strategy,,17.95,Sony PSP,2007
Dragoneer's Aria,1,RolePlaying (RPG),,24.95,Sony PSP,2007
The Fast and the Furious,1,Racing / Driving,Namco,22.95,Sony PSP,2007
R+AC0-Type Command,1,Strategy,,14.95,Sony PSP,2007
Virtua Tennis 3,1,Sports,Sega,16.95,Sony PSP,2007
Virtua Tennis 3,4,Sports,Sega,14.95,X360,2007
Front Mission,1,Strategy,SquareEnix,17.95,Nintendo DS,2007
Lost in Blue 2,1,RolePlaying (RPG),Konami,17.95,Nintendo DS,2007
Nervous Brickdown,1,Action,,17.95,Nintendo DS,2007
Sea Monsters: A Prehistoric Adventure,1,+ACI-Action,Educational+ACI-,,13.95,Nintendo DS,2007
After Burner: Black Falcon,1,Action,Sega,19.95,Sony PSP,2007
Capcom Puzzle World,1,Strategy,Capcom,19.95,Sony PSP,2007
Puzzle Quest: Challenge of the Warlords,1,+ACI-RolePlaying (RPG),Strategy+ACI-,,17.95,Sony PSP,2007
Smash Court Tennis 3,1,Sports,Namco,19.95,Sony PSP,2007
UEFA Champions League 2006+AC0-2007,1,Sports,EA,14.95,Sony PSP,2007
Driver: Parallel Lines,1,+ACI-Action,Racing / Driving+ACI-,Ubisoft,24.95,Nintendo Wii,2007
Mario Kart Wii,4,Racing / Driving,Nintendo,29.95,Nintendo Wii,2008
Grand Theft Auto IV,1,+ACI-Action,Racing / Driving+ACI-,Rockstar,24.95,X360,2008
Super Smash Bros.: Brawl,6,Action,Nintendo,39.95,Nintendo Wii,2008
Call of Duty: World at War,4,Action,Activision,29.95,X360,2008
Grand Theft Auto IV,1,+ACI-Action,Racing / Driving+ACI-,Rockstar,24.95,PlayStation 3,2008
Gears of War 2,2,Action,Microsoft,24.95,X360,2008
Pokmon: Platinum Version,1,+ACI-Adventure,RolePlaying (RPG)+ACI-,Nintendo,27.95,Nintendo DS,2008
Metal Gear Solid 4: Guns of the Patriots,1,Action,Konami,22.95,PlayStation 3,2008
Fable II,1,RolePlaying (RPG),Microsoft,17.95,X360,2008
Call of Duty: World at War,4,Action,Activision,29.95,PlayStation 3,2008
Guitar Hero: World Tour,4,+ACI-Action,Simulation+ACI-,Activision,17.95,Nintendo Wii,2008
LittleBigPlanet,4,Action,Sony,24.95,PlayStation 3,2008
Fallout 3,1,+ACI-Action,RolePlaying (RPG)+ACI-,,17.95,X360,2008
LEGO Indiana Jones: The Original Adventures,2,Action,,9.95,X360,2008
Left 4 Dead,2,Action,,19.95,X360,2008
Madden NFL 09,4,Sports,EA,14.95,X360,2008
Guitar Hero: On Tour,1,+ACI-Action,Simulation+ACI-,Activision,14.95,Nintendo DS,2008
Kung Fu Panda,4,Action,Activision,9.95,X360,2008
Rock Band 2,4,+ACI-Action,Simulation+ACI-,,19.95,X360,2008
Sega Superstars Tennis,4,Sports,Sega,9.95,X360,2008
Guitar Hero: World Tour,4,+ACI-Action,Simulation+ACI-,Activision,16.95,X360,2008
Animal Crossing: City Folk,1,Simulation,Nintendo,29.95,Nintendo Wii,2008
Mario +ACY- Sonic at the Olympic Games,1,+ACI-Action,Sports+ACI-,+ACI-Nintendo,Sega+ACI-,24.95,Nintendo DS,2008
Madden NFL 09,4,Sports,EA,14.95,PlayStation 3,2008
LEGO Batman: The Videogame,2,Action,,14.95,X360,2008
Tom Clancy's Rainbow Six: Vegas 2,2,Action,Ubisoft,16.95,X360,2008
Kirby Super Star Ultra,1,Action,Nintendo,24.95,Nintendo DS,2008
Star Wars: The Force Unleashed,1,Action,,16.95,X360,2008
God of War: Chains of Olympus,1,Action,Sony,17.95,Sony PSP,2008
Fallout 3,1,+ACI-Action,RolePlaying (RPG)+ACI-,,17.95,PlayStation 3,2008
Pure,1,+ACI-Racing / Driving,Sports+ACI-,Disney,12.95,X360,2008
LEGO Indiana Jones: The Original Adventures,2,Action,,16.95,Nintendo Wii,2008
Rock Band,2,+ACI-Action,Simulation+ACI-,,17.95,Nintendo Wii,2008
LEGO Batman: The Videogame,1,+ACI-Action,Racing / Driving+ACI-,,17.95,Nintendo DS,2008
Saints Row 2,1,+ACI-Action,Racing / Driving+ACI-,THQ,17.95,X360,2008
LEGO Batman: The Videogame,2,Action,,17.95,Nintendo Wii,2008
Call of Duty: World at War,2,Action,Activision,29.95,Nintendo Wii,2008
Midnight Club: Los Angeles,1,Racing / Driving,Rockstar,22.95,X360,2008
Mortal Kombat vs. DC Universe,2,Action,Midway,24.95,PlayStation 3,2008
Army of Two,2,Action,EA,16.95,X360,2008
Resistance 2,2,Action,Sony,24.95,PlayStation 3,2008
Rock Band 2,1,+ACI-Action,Simulation+ACI-,,24.95,PlayStation 3,2008
Midnight Club: Los Angeles,1,Racing / Driving,Rockstar,22.95,PlayStation 3,2008
Sonic Unleashed,1,Action,Sega,17.95,Nintendo Wii,2008
NBA 2K9 ,1,Sports,2K,12.95,X360,2008
Guitar Hero: World Tour,4,+ACI-Action,Simulation+ACI-,Activision,17.95,PlayStation 3,2008
Guitar Hero: Aerosmith,1,+ACI-Action,Simulation+ACI-,Activision,14.95,Nintendo Wii,2008
Star Wars: The Force Unleashed,2,Action,,14.95,Nintendo Wii,2008
Burnout Paradise,1,+ACI-Action,Racing / Driving+ACI-,EA,17.95,PlayStation 3,2008
Pokmon Ranger: Shadows of Almia,1,+ACI-Action,RolePlaying (RPG)+ACI-,Nintendo,24.95,Nintendo DS,2008
Mortal Kombat vs. DC Universe,2,Action,Midway,24.95,X360,2008
Dead Space,1,Action,EA,17.95,PlayStation 3,2008
Shaun White Snowboarding: Road Trip,1,Sports,Ubisoft,14.95,Nintendo Wii,2008
Star Wars: The Force Unleashed,1,Action,,17.95,PlayStation 3,2008
Guitar Hero: Aerosmith,2,+ACI-Action,Simulation+ACI-,Activision,9.95,X360,2008
SOCOM: U.S. Navy SEALs +AC0- Confrontation,1,Action,Sony,16.95,PlayStation 3,2008
SoulCalibur IV,2,Action,Namco,19.95,X360,2008
Battlefield: Bad Company,1,Action,EA,16.95,X360,2008
Saints Row 2,1,+ACI-Action,Racing / Driving+ACI-,THQ,17.95,PlayStation 3,2008
Guitar Hero: On Tour +AC0- Decades,1,+ACI-Action,Simulation+ACI-,Activision,17.95,Nintendo DS,2008
Devil May Cry 4,1,Action,Capcom,17.95,X360,2008
Mystery Case Files: MillionHeir,1,Adventure,Nintendo,17.95,Nintendo DS,2008
Battlefield: Bad Company,1,Action,EA,17.95,PlayStation 3,2008
Army of Two,2,Action,EA,16.95,PlayStation 3,2008
Rayman Raving Rabbids TV Party,4,+ACI-Action,Racing / Driving,Sports,Strategy+ACI-,Ubisoft,17.95,Nintendo Wii,2008
The House of the Dead 2 +ACY- 3 Return,2,Action,Sega,17.95,Nintendo Wii,2008
Far Cry 2,1,Action,Ubisoft,19.95,X360,2008
Boom Blox,4,+ACI-Action,Strategy+ACI-,EA,24.95,Nintendo Wii,2008
Spore Creatures,1,+ACI-Adventure,Simulation+ACI-,EA,14.95,Nintendo DS,2008
Madden NFL 09,4,Sports,EA,14.95,Sony PSP,2008
NCAA Football 09,4,Sports,EA,14.95,X360,2008
MLB 08: The Show,2,Sports,Sony,12.95,PlayStation 3,2008
Tom Clancy's Rainbow Six: Vegas 2,2,Action,Ubisoft,24.95,PlayStation 3,2008
Mercenaries 2: World in Flames,1,Action,EA,14.95,X360,2008
Need for Speed: Undercover,1,Racing / Driving,EA,17.95,X360,2008
Guitar Hero: Aerosmith,2,+ACI-Action,Simulation+ACI-,Activision,14.95,PlayStation 3,2008
SoulCalibur IV,2,Action,+ACI-Namco,Ubisoft+ACI-,22.95,PlayStation 3,2008
Valkyria Chronicles,1,+ACI-Action,RolePlaying (RPG),Strategy+ACI-,Sega,24.95,PlayStation 3,2008
Harvest Moon: Tree of Tranquility,1,+ACI-RolePlaying (RPG),Simulation+ACI-,,34.95,Nintendo Wii,2008
Star Wars: The Clone Wars +AC0- Jedi Alliance,1,+ACI-Action,Adventure+ACI-,,17.95,Nintendo DS,2008
Need for Speed: Undercover,1,Racing / Driving,EA,17.95,PlayStation 3,2008
Wario Land: Shake It+ACE-,1,Action,Nintendo,19.95,Nintendo Wii,2008
NBA 2K9,7,Sports,2K,14.95,PlayStation 3,2008
Major League Baseball 2K9,1,Sports,2K,14.95,X360,2008
NCAA Football 09,4,Sports,EA,14.95,PlayStation 3,2008
Kung Fu Panda,1,Action,Activision,17.95,Nintendo DS,2008
Devil May Cry 4,1,Action,Capcom,19.95,PlayStation 3,2008
Tom Clancy's EndWar,1,Strategy,Ubisoft,16.95,X360,2008
LEGO Batman: The Videogame,1,Action,,17.95,Sony PSP,2008
BioShock,1,Action,2K,17.95,PlayStation 3,2008
Bully: Scholarship Edition,1,+ACI-Action,Adventure+ACI-,Rockstar,17.95,X360,2008
Prince of Persia,1,Action,Ubisoft,16.95,X360,2008
Kung Fu Panda,4,Action,Activision,16.95,Nintendo Wii,2008
Sonic Chronicles: The Dark Brotherhood,1,+ACI-Action,RolePlaying (RPG)+ACI-,Sega,17.95,Nintendo DS,2008
Chrono Trigger,2,RolePlaying (RPG),SquareEnix,17.95,Nintendo DS,2008
Tomb Raider: Underworld,1,Action,Eidos,17.95,X360,2008
skate it,4,+ACI-Action,Sports+ACI-,EA,39.95,Nintendo Wii,2008
The Legendary Starfy,1,+ACI-Action,Adventure+ACI-,Nintendo,24.95,Nintendo DS,2008
Mirror's Edge,1,Action,EA,14.95,X360,2008
Haze,2,Action,Ubisoft,12.95,PlayStation 3,2008
Dissidia: Final Fantasy,1,+ACI-Action,RolePlaying (RPG)+ACI-,SquareEnix,17.95,Sony PSP,2008
Sid Meier's Civilization: Revolution,1,Strategy,2K,24.95,X360,2008
Wall+AC0-E,4,Action,THQ,17.95,Nintendo Wii,2008
Prince of Persia,1,Action,Ubisoft,17.95,PlayStation 3,2008
NHL 09 ,1,Sports,EA,14.95,X360,2008
Brothers in Arms: Hell's Highway,1,Action,Ubisoft,17.95,X360,2008
Shaun White Snowboarding,1,Sports,Ubisoft,14.95,X360,2008
Turok,1,Action,,14.95,X360,2008
Iron Man,1,Action,Sega,16.95,Sony PSP,2008
De Blob,4,Action,THQ,16.95,Nintendo Wii,2008
Sonic Riders: Zero Gravity,4,Racing / Driving,Sega,16.95,Nintendo Wii,2008
Rhythm Heaven,1,Action,Nintendo,24.95,Nintendo DS,2008
Tomb Raider: Underworld,1,Action,Eidos,17.95,PlayStation 3,2008
Advance Wars: Days of Ruin,4,Strategy,Nintendo,17.95,Nintendo DS,2008
LEGO Batman: The Videogame,2,Action,,17.95,PlayStation 3,2008
Far Cry 2,1,Action,Ubisoft,19.95,PlayStation 3,2008
Harvest Moon: Island of Happiness,1,+ACI-Simulation,Strategy+ACI-,,24.95,Nintendo DS,2008
Brothers in Arms: Hell's Highway,1,Action,Ubisoft,19.95,PlayStation 3,2008
Sonic Unleashed,1,+ACI-Action,Adventure+ACI-,Sega,17.95,PlayStation 3,2008
Pinball Hall of Fame: The Williams Collection,1,Simulation,,17.95,Nintendo Wii,2008
Sonic Unleashed,1,+ACI-Action,Adventure+ACI-,Sega,17.95,X360,2008
Samba de Amigo,2,Action,Sega,12.95,Nintendo Wii,2008
?kami,1,Action,Capcom,17.95,Nintendo Wii,2008
LEGO Indiana Jones: The Original Adventures,2,Action,,17.95,PlayStation 3,2008
MotorStorm: Pacific Rift,4,+ACI-Action,Racing / Driving,Sports+ACI-,Sony,29.95,PlayStation 3,2008
Tiger Woods PGA Tour 09,4,Sports,EA,19.95,X360,2008
SimCity Creator,1,Simulation,EA,24.95,Nintendo Wii,2008
Tiger Woods PGA Tour 09,4,Sports,EA,19.95,PlayStation 3,2008
Sid Meier's Civilization: Revolution,1,+ACI-Simulation,Strategy+ACI-,2K,17.95,Nintendo DS,2008
Pure,1,+ACI-Racing / Driving,Sports+ACI-,Disney,17.95,PlayStation 3,2008
Turok,1,Action,,16.95,PlayStation 3,2008
Crash: Mind over Mutant,1,Action,,17.95,Nintendo Wii,2008
Spider+AC0-Man: Web of Shadows,1,Action,Activision,19.95,X360,2008
Frontlines: Fuel of War,1,Action,THQ,14.95,X360,2008
GRID,1,+ACI-Racing / Driving,Simulation,Sports+ACI-,,19.95,X360,2008
Too Human,1,+ACI-Action,RolePlaying (RPG)+ACI-,Microsoft,14.95,X360,2008
Speed Racer: The Videogame,2,Racing / Driving,,16.95,Nintendo Wii,2008
LEGO Indiana Jones: The Original Adventures,1,Action,,17.95,Sony PSP,2008
SEGA Bass Fishing,1,Sports,Sega,17.95,Nintendo Wii,2008
The Chronicles of Narnia: Prince Caspian,2,+ACI-Action,RolePlaying (RPG)+ACI-,Disney,16.95,Nintendo Wii,2008
Iron Man,1,Action,Sega,14.95,Nintendo DS,2008
The Sims 2: Apartment Pets,1,Simulation,EA,17.95,Nintendo DS,2008
MLB 08: The Show,1,Sports,Sony,14.95,Sony PSP,2008
Iron Man,1,Action,Sega,17.95,PlayStation 3,2008
Madagascar: Escape 2 Africa,1,+ACI-Action,Adventure+ACI-,Activision,17.95,Nintendo DS,2008
GRID,1,+ACI-Racing / Driving,Simulation,Sports+ACI-,,24.95,PlayStation 3,2008
NHL 09,1,Sports,EA,19.95,PlayStation 3,2008
Banjo+AC0-Kazooie: Nuts +ACY- Bolts,1,+ACI-Action,Adventure,Racing / Driving,Sports+ACI-,Microsoft,17.95,X360,2008
Hot Shots Golf: Out of Bounds,4,Sports,Sony,34.95,PlayStation 3,2008
Rune Factory 2: A Fantasy Harvest Moon,1,+ACI-Action,RolePlaying (RPG),Simulation+ACI-,,17.95,Nintendo DS,2008
SimCity Creator,1,Simulation,EA,17.95,Nintendo DS,2008
Patapon,1,+ACI-Action,Strategy+ACI-,Sony,17.95,Sony PSP,2008
Shaun White Snowboarding,1,Sports,Ubisoft,15.95,PlayStation 3,2008
Iron Man,1,Action,Sega,17.95,Nintendo Wii,2008
Sega Superstars Tennis,1,Sports,Sega,14.95,Nintendo DS,2008
Lost Planet: Extreme Condition,1,Action,Capcom,16.95,PlayStation 3,2008
Mirror's Edge,1,Action,EA,14.95,PlayStation 3,2008
The Incredible Hulk,1,Action,Sega,16.95,Nintendo Wii,2008
Condemned 2: Bloodshot,1,+ACI-Action,Adventure+ACI-,Sega,14.95,X360,2008
Sega Superstars Tennis,4,Sports,Sega,12.95,Nintendo Wii,2008
Speed Racer: The Videogame,1,Racing / Driving,,17.95,Nintendo DS,2008
Viva Pi+ACQ-?ata: Pocket Paradise,1,+ACI-Simulation,Strategy+ACI-,THQ,17.95,Nintendo DS,2008
Tom Clancy's EndWar,1,Strategy,Ubisoft,17.95,PlayStation 3,2008
Iron Man,1,Action,Sega,17.95,X360,2008
Need for Speed: Undercover,4,Racing / Driving,EA,27.95,Nintendo Wii,2008
Wall+AC0-E,4,Action,THQ,14.95,X360,2008
Spectrobes: Beyond the Portals,1,+ACI-Action,RolePlaying (RPG)+ACI-,Disney,11.95,Nintendo DS,2008
MX vs. ATV Untamed,1,Educational,Ubisoft,16.95,Sony PSP,2008
Mercenaries 2: World in Flames,1,Action,EA,15.95,PlayStation 3,2008
Infinite Undiscovery,1,+ACI-Action,RolePlaying (RPG)+ACI-,SquareEnix,17.95,X360,2008
TNA iMPACT+ACE-,4,Sports,Midway,14.95,X360,2008
Enemy Territory: Quake Wars,1,Action,Activision,14.95,X360,2008
Fire Emblem: Shadow Dragon,1,+ACI-RolePlaying (RPG),Strategy+ACI-,Nintendo,19.95,Nintendo DS,2008
Neopets Puzzle Adventure,1,+ACI-Adventure,RolePlaying (RPG),Strategy+ACI-,Capcom,17.95,Nintendo DS,2008
Tales of Vesperia,1,+ACI-Adventure,RolePlaying (RPG)+ACI-,Namco,27.95,X360,2008
SingStar ABBA,8,Action,Sony,17.95,PlayStation 3,2008
Dragon Ball Z: Burst Limit,2,Action,+ACI-Atari,Namco+ACI-,17.95,X360,2008
Apollo Justice: Ace Attorney,1,+ACI-Adventure,Simulation+ACI-,Capcom,24.95,Nintendo DS,2008
Castlevania: Order of Ecclesia,1,+ACI-Action,Adventure,RolePlaying (RPG)+ACI-,Konami,24.95,Nintendo DS,2008
Mega Man Star Force 2: Zerker X Ninja,1,+ACI-Action,RolePlaying (RPG)+ACI-,Capcom,17.95,Nintendo DS,2008
Enemy Territory: Quake Wars,1,Action,Activision,16.95,PlayStation 3,2008
Namco Museum: Virtual Arcade,1,+ACI-Action,Racing / Driving+ACI-,Namco,17.95,X360,2008
NASCAR 09,1,+ACI-Racing / Driving,Sports+ACI-,EA,19.95,X360,2008
Turning Point: Fall of Liberty,1,Action,,7.95,X360,2008
Summer Athletics 2009,4,Sports,,19.95,Nintendo Wii,2008
Unreal Tournament III,2,Action,Midway,14.95,X360,2008
Shaun White Snowboarding,1,+ACI-Racing / Driving,Sports+ACI-,Ubisoft,16.95,Nintendo DS,2008
Dark Sector,1,Action,,14.95,PlayStation 3,2008
The Last Remnant,1,RolePlaying (RPG),SquareEnix,14.95,X360,2008
Dragon Ball Z: Burst Limit,2,Action,+ACI-Atari,Namco+ACI-,19.95,PlayStation 3,2008
NASCAR 09,1,+ACI-Racing / Driving,Sports+ACI-,EA,22.95,PlayStation 3,2008
Turning Point: Fall of Liberty,1,Action,,7.95,PlayStation 3,2008
MX vs. ATV Untamed,1,Racing / Driving,THQ,24.95,Nintendo Wii,2008
Crash: Mind over Mutant,1,Action,,24.95,X360,2008
The Incredible Hulk,1,Action,Sega,17.95,X360,2008
Silent Hill: Homecoming,1,Action,Konami,17.95,X360,2008
TNA iMPACT+ACE-,4,Sports,Midway,12.95,PlayStation 3,2008
The Incredible Hulk,1,Action,Sega,16.95,PlayStation 3,2008
Kung Fu Panda,1,Action,Activision,19.95,PlayStation 3,2008
Dark Sector,1,Action,,13.95,X360,2008
Tales of Symphonia: Dawn of the New World,4,RolePlaying (RPG),Namco,24.95,Nintendo Wii,2008
Valkyrie Profile: Covenant of the Plume,1,+ACI-RolePlaying (RPG),Strategy+ACI-,SquareEnix,24.95,Nintendo DS,2008
Spider+AC0-Man: Web of Shadows,1,Action,Activision,24.95,PlayStation 3,2008
TV Show King,4,Strategy,,17.95,Nintendo Wii,2008
AC/DC Live: Rock Band +AC0- Track Pack,4,+ACI-Action,Simulation+ACI-,,14.95,X360,2008
The Chronicles of Narnia: Prince Caspian,1,RolePlaying (RPG),Disney,10.95,Nintendo DS,2008
Hot Shots Golf: Open Tee 2,1,Sports,Sony,14.95,Sony PSP,2008
AC/DC Live: Rock Band +AC0- Track Pack,1,+ACI-Action,Simulation+ACI-,,14.95,PlayStation 3,2008
Harvest Moon: Magical Melody,4,+ACI-RolePlaying (RPG),Simulation+ACI-,,23.95,Nintendo Wii,2008
Dynasty Warriors 6,2,+ACI-Action,Strategy+ACI-,,24.95,PlayStation 3,2008
Order Up+ACE-,1,+ACI-Action,Simulation+ACI-,,17.95,Nintendo Wii,2008
NBA Ballers: Chosen One,4,Sports,Midway,9.95,X360,2008
Age of Empires: Mythologies,1,Strategy,THQ,17.95,Nintendo DS,2008
LocoRoco 2,1,+ACI-Action,Strategy+ACI-,Sony,11.95,Sony PSP,2008
Star Ocean: First Departure,1,+ACI-Action,RolePlaying (RPG)+ACI-,SquareEnix,17.95,Sony PSP,2008
Lost: Via Domus,1,+ACI-Action,Adventure+ACI-,Ubisoft,16.95,PlayStation 3,2008
Tetris Party,4,Strategy,,24.95,Nintendo Wii,2008
Bully: Scholarship Edition,2,+ACI-Action,Adventure+ACI-,Rockstar,17.95,Nintendo Wii,2008
The Spiderwick Chronicles,2,+ACI-Action,Adventure+ACI-,,16.95,Nintendo Wii,2008
Dynasty Warriors 6,2,+ACI-Action,Strategy+ACI-,,24.95,X360,2008
Facebreaker,2,Sports,EA,12.95,X360,2008
Ninja Gaiden: Dragon Sword,1,Action,,12.95,Nintendo DS,2008
Condemned 2: Bloodshot,1,+ACI-Action,Adventure+ACI-,Sega,14.95,PlayStation 3,2008
Silent Hill: Homecoming,1,Action,Konami,17.95,PlayStation 3,2008
Command +ACY- Conquer: Red Alert 3,1,Strategy,EA,14.95,X360,2008
Viking: Battle for Asgard,1,Action,Sega,14.95,X360,2008
Beijing 2008,4,Sports,Sega,14.95,X360,2008
Don King Presents: Prizefighter,2,Sports,2K,14.95,X360,2008
Bomberman,1,+ACI-Action,Strategy+ACI-,,12.95,Sony PSP,2008
Ferrari Challenge Trofeo Pirelli,1,Racing / Driving,,17.95,PlayStation 3,2008
Command +ACY- Conquer 3: Kane's Wrath,1,Strategy,EA,17.95,X360,2008
Lost: Via Domus,1,+ACI-Action,Adventure+ACI-,Ubisoft,17.95,X360,2008
NHL 2K9 ,1,Sports,2K,14.95,X360,2008
Eternal Sonata,2,RolePlaying (RPG),Namco,24.95,PlayStation 3,2008
Viva Pi+ACQ-?ata: Trouble in Paradise,2,+ACI-Racing / Driving,Simulation,Strategy+ACI-,Microsoft,17.95,X360,2008
FlatOut: Head On,1,+ACI-Racing / Driving,Sports+ACI-,,9.95,Sony PSP,2008
Viking: Battle for Asgard,1,Action,Sega,16.95,PlayStation 3,2008
Neopets Puzzle Adventure,1,+ACI-RolePlaying (RPG),Strategy+ACI-,Capcom,14.95,Nintendo Wii,2008
TNA iMPACT+ACE-,1,Sports,Midway,14.95,Nintendo Wii,2008
Tomb Raider: Underworld,1,Action,Eidos,17.95,Nintendo Wii,2008
The Club,4,Action,Sega,14.95,X360,2008
The Chronicles of Narnia: Prince Caspian,2,+ACI-Action,RolePlaying (RPG)+ACI-,Disney,14.95,X360,2008
Cabela's Dangerous Hunts 2009,1,Sports,Activision,19.95,X360,2008
Dark Messiah of Might and Magic: Elements,1,+ACI-Action,RolePlaying (RPG)+ACI-,Ubisoft,17.95,X360,2008
Fracture,1,Action,,14.95,X360,2008
Bomberman Land,4,Action,,19.95,Nintendo Wii,2008
Nitrobike,4,+ACI-Action,Racing / Driving,Sports+ACI-,Ubisoft,14.95,Nintendo Wii,2008
Culdcept Saga,4,Strategy,Namco,17.95,X360,2008
Facebreaker,2,Sports,,14.95,PlayStation 3,2008
MLB Power Pros 2008,2,Sports,2K,22.95,Nintendo Wii,2008
Mushroom Men: The Spore Wars,2,Action,,17.95,Nintendo Wii,2008
Dragon Quest V: Hand of the Heavenly Bride,1,RolePlaying (RPG),SquareEnix,29.95,Nintendo DS,2008
Ninjatown,1,Strategy,,19.95,Nintendo DS,2008
Super Dodgeball Brawlers,1,+ACI-Action,Sports+ACI-,,19.95,Nintendo DS,2008
Dokapon Kingdom,1,+ACI-RolePlaying (RPG),Strategy+ACI-,,17.95,Nintendo Wii,2008
Alone in the Dark,1,+ACI-Action,Adventure,Racing / Driving+ACI-,Atari,14.95,X360,2008
NBA 09: The Inside,4,Sports,Sony,14.95,PlayStation 3,2008
Sega Superstars Tennis,4,Sports,Sega,16.95,PlayStation 3,2008
Baja: Edge of Control,4,+ACI-Racing / Driving,Simulation,Sports+ACI-,THQ,16.95,X360,2008
Destroy All Humans+ACE- Big Willy Unleashed,2,Adventure,THQ,17.95,Nintendo Wii,2008
Space Invaders Extreme,1,Action,SquareEnix,16.95,Nintendo DS,2008
Ultimate Band,1,+ACI-Action,Simulation+ACI-,Disney,14.95,Nintendo DS,2008
The Club,4,Action,Sega,14.95,PlayStation 3,2008
Madagascar: Escape 2 Africa,4,Action,Activision,24.95,PlayStation 3,2008
NBA Ballers: Chosen One,4,Sports,Midway,14.95,PlayStation 3,2008
Dream Pinball 3D,4,Simulation,,16.95,Nintendo Wii,2008
Madagascar: Escape 2 Africa,4,Action,Activision,19.95,X360,2008
Pro Evolution Soccer 2008,2,Sports,Konami,17.95,Nintendo Wii,2008
Avalon Code,1,+ACI-Action,Adventure,RolePlaying (RPG)+ACI-,,27.95,Nintendo DS,2008
Disgaea DS,1,+ACI-RolePlaying (RPG),Strategy+ACI-,,24.95,Nintendo DS,2008
Guitar Rock Tour,1,Simulation,,13.95,Nintendo DS,2008
Lost in Blue 3,1,RolePlaying (RPG),Konami,17.95,Nintendo DS,2008
Syberia,1,Adventure,,23.95,Nintendo DS,2008
Afrika,1,+ACI-Adventure,Simulation+ACI-,Sony,47.95,PlayStation 3,2008
NFL Head Coach 09,1,+ACI-Simulation,Sports,Strategy+ACI-,EA,14.95,PlayStation 3,2008
NHL 2K9,1,Sports,2K,14.95,PlayStation 3,2008
Brothers in Arms: Double Time,1,+ACI-Action,Strategy+ACI-,Ubisoft,17.95,Nintendo Wii,2008
ObsCure: The Aftermath,1,Action,,16.95,Nintendo Wii,2008
MotoGP 08,1,+ACI-Racing / Driving,Simulation,Sports+ACI-,,16.95,X360,2008
NFL Head Coach 09,1,+ACI-Simulation,Sports,Strategy+ACI-,EA,12.95,X360,2008
NFL Tour,1,+ACI-Action,Sports+ACI-,EA,12.95,X360,2008
Pinball Hall of Fame: The Williams Collection,4,Simulation,,17.95,Sony PSP,2008
Baja: Edge of Control,4,+ACI-Racing / Driving,Simulation,Sports+ACI-,THQ,17.95,PlayStation 3,2008
NFL Tour,4,+ACI-Action,Sports+ACI-,EA,14.95,PlayStation 3,2008
Wall+AC0-E,4,Action,THQ,17.95,PlayStation 3,2008
Ninja Reflex,4,Action,EA,14.95,Nintendo Wii,2008
Conflict: Denied Ops,4,Action,Eidos,12.95,X360,2008
Top Spin 3,4,Sports,2K,19.95,X360,2008
Blitz: The League II,2,+ACI-Action,Sports+ACI-,Midway,14.95,PlayStation 3,2008
Hellboy: The Science of Evil,2,+ACI-Action,Adventure+ACI-,Konami,16.95,PlayStation 3,2008
Castlevania Judgment,2,Action,Konami,17.95,Nintendo Wii,2008
Death Jr. II: Root of Evil,2,Action,Eidos,17.95,Nintendo Wii,2008
Raiden IV,2,Action,,32.95,X360,2008
Metal Slug 7,1,Action,,17.95,Nintendo DS,2008
Spider+AC0-Man: Web of Shadows,1,Action,Activision,15.95,Nintendo DS,2008
Trauma Center: Under The Knife 2,1,+ACI-Action,Simulation+ACI-,,19.95,Nintendo DS,2008
Fracture,1,Action,,14.95,PlayStation 3,2008
Alone in the Dark,1,+ACI-Action,Adventure,Racing / Driving+ACI-,Atari,14.95,Nintendo Wii,2008
Final Fantasy Fables: Chocobo's Dungeon,1,+ACI-Action,RolePlaying (RPG)+ACI-,SquareEnix,17.95,Nintendo Wii,2008
The King of Fighters Collection: The Orochi Saga,1,Action,,17.95,Nintendo Wii,2008
Klonoa: Door to Phantomile,1,Action,Namco,17.95,Nintendo Wii,2008
Samurai Warriors: Katana,1,Action,,17.95,Nintendo Wii,2008
Battle of the Bands,2,+ACI-Action,Simulation+ACI-,THQ,14.95,Nintendo Wii,2008
Hellboy: The Science of Evil,2,+ACI-Action,Adventure+ACI-,Konami,14.95,X360,2008
Dragon Ball: Origins,1,+ACI-Action,Adventure+ACI-,Atari,15.95,Nintendo DS,2008
Ninja Reflex,1,Action,EA,12.95,Nintendo DS,2008
Space Bust+AC0-A+AC0-Move,1,Strategy,SquareEnix,17.95,Nintendo DS,2008
Top Spin 3,1,Sports,2K,24.95,PlayStation 3,2008
UEFA Euro 2008,7,Sports,EA,17.95,PlayStation 3,2008
+ACI-Blast Works: Build, Trade, Destroy+ACI-,4,Action,,14.95,Nintendo Wii,2008
FIFA Street 3,4,Sports,EA,14.95,X360,2008
Blitz: The League II,2,+ACI-Action,Sports+ACI-,Midway,12.95,X360,2008
Space Chimps,2,+ACI-Action,Adventure+ACI-,,14.95,X360,2008
The Spiderwick Chronicles,2,+ACI-Action,Adventure+ACI-,,14.95,X360,2008
Etrian Odyssey II: Heroes of Lagaard,1,RolePlaying (RPG),,24.95,Nintendo DS,2008
Line Rider 2: Unbound,1,+ACI-Simulation,Sports+ACI-,,8.95,Nintendo DS,2008
The King of Fighters Collection: The Orochi Saga,1,Action,,17.95,Sony PSP,2008
Target: Terror,1,Action,Konami,17.95,Nintendo Wii,2008
Legendary,1,Action,Atari,17.95,X360,2008
Universe at War: Earth Assault,1,+ACI-Action,Strategy+ACI-,Sega,14.95,X360,2008
Smash Court Tennis 3,4,+ACI-Simulation,Sports+ACI-,Atari,14.95,X360,2008
Code Lyoko: Fall of X.A.N.A,1,+ACI-Action,RolePlaying (RPG)+ACI-,,14.95,Nintendo DS,2008
Knights in the Nightmare,1,+ACI-RolePlaying (RPG),Strategy+ACI-,,29.95,Nintendo DS,2008
Lock's Quest,1,+ACI-Action,Adventure,Strategy+ACI-,THQ,14.95,Nintendo DS,2008
Master of the Monster Lair,1,RolePlaying (RPG),,14.95,Nintendo DS,2008
N,1,Action,Atari,14.95,Nintendo DS,2008
Pipe Mania,1,Strategy,,14.95,Nintendo DS,2008
The Spiderwick Chronicles,1,RolePlaying (RPG),,12.95,Nintendo DS,2008
Summon Night: Twin Age,1,RolePlaying (RPG),,24.95,Nintendo DS,2008
Wild Arms XF,1,RolePlaying (RPG),,17.95,Sony PSP,2008
FIFA Street 3,1,Sports,EA,17.95,PlayStation 3,2008
MotoGP 08,1,+ACI-Racing / Driving,Simulation,Sports+ACI-,,17.95,PlayStation 3,2008
Harvey Birdman: Attorney at Law,1,Adventure,Capcom,14.95,Nintendo Wii,2008
Let's Tap,1,Simulation,Sega,17.95,Nintendo Wii,2008
NHL 2K9,1,Sports,2K,14.95,Nintendo Wii,2008
Conflict: Denied Ops,4,Action,Eidos,17.95,PlayStation 3,2008
Worms: A Space Oddity,4,+ACI-Action,Strategy+ACI-,THQ,17.95,Nintendo Wii,2008
UEFA Euro 2008,4,Sports,EA,14.95,X360,2008
Overlord: Raising Hell,2,+ACI-Action,Strategy+ACI-,,17.95,PlayStation 3,2008
Battle Fantasia,2,+ACI-Action,RolePlaying (RPG)+ACI-,,22.95,X360,2008
Bangai+AC0-O Spirits,1,Action,,14.95,Nintendo DS,2008
Dungeon Explorer: Warriors of Ancient Arts,1,+ACI-Action,RolePlaying (RPG)+ACI-,,17.95,Nintendo DS,2008
From the Abyss,1,+ACI-Action,RolePlaying (RPG)+ACI-,,19.95,Nintendo DS,2008
New International Track +ACY- Field,1,+ACI-Action,Sports+ACI-,Konami,14.95,Nintendo DS,2008
Soul Bubbles,1,Strategy,Eidos,14.95,Nintendo DS,2008
Tropix+ACE-,1,Action,,23.95,Nintendo DS,2008
Unsolved Crimes,1,+ACI-Action,Adventure,Racing / Driving+ACI-,,17.95,Nintendo DS,2008
Zubo,1,+ACI-Adventure,RolePlaying (RPG),Strategy+ACI-,EA,14.95,Nintendo DS,2008
Ford Racing Off Road,1,Racing / Driving,,12.95,Sony PSP,2008
Harvey Birdman: Attorney at Law,1,Adventure,Capcom,14.95,Sony PSP,2008
Secret Agent Clank,1,Action,Sony,23.95,Sony PSP,2008
Space Invaders Extreme,1,Action,SquareEnix,16.95,Sony PSP,2008
Armored Core: For Answer,1,Action,Ubisoft,29.95,PlayStation 3,2008
Legendary,1,Action,Atari,19.95,PlayStation 3,2008
Agatha Christie: Evil Under the Sun,1,Adventure,,17.95,Nintendo Wii,2008
Agatha Christie: And Then There Were None,1,Adventure,,17.95,Nintendo Wii,2008
Armored Core: For Answer,1,Action,Ubisoft,24.95,X360,2008
Cradle of Rome,1,Strategy,,17.95,Nintendo DS,2008
The Dark Spire,1,+ACI-Adventure,RolePlaying (RPG)+ACI-,,24.95,Nintendo DS,2008
+ACI-Flower, Sun and Rain+ACI-,1,Adventure,,23.95,Nintendo DS,2008
Insecticide,1,+ACI-Action,Adventure+ACI-,,12.95,Nintendo DS,2008
Izuna 2: The Unemployed Ninja Returns,1,RolePlaying (RPG),,17.95,Nintendo DS,2008
Looney Tunes: Cartoon Conductor,1,Action,Eidos,13.95,Nintendo DS,2008
Nanostray 2,1,Action,,12.95,Nintendo DS,2008
Hellboy: The Science of Evil,1,Action,Konami,14.95,Sony PSP,2008
Pipe Mania,1,Strategy,,12.95,Sony PSP,2008
UEFA Euro 2008,1,Sports,EA,19.95,Sony PSP,2008
Vampire Rain,1,Action,,24.95,PlayStation 3,2008
Baroque,1,+ACI-Action,RolePlaying (RPG)+ACI-,,19.95,Nintendo Wii,2008
Supreme Commander,1,Strategy,,17.95,X360,2008
Hail to the Chimp,4,+ACI-Action,Strategy+ACI-,,16.95,X360,2008
Assassin's Creed: Altar's Chronicles,1,Action,Ubisoft,11.95,Nintendo DS,2008
The Legend of Kage 2,1,Action,SquareEnix,14.95,Nintendo DS,2008
Rhapsody: A Musical Adventure,1,RolePlaying (RPG),,12.95,Nintendo DS,2008
Secret Files: Tunguska,1,Adventure,,17.95,Nintendo DS,2008
Fading Shadows,1,+ACI-Action,Adventure+ACI-,,17.95,Sony PSP,2008
Hail to the Chimp,1,+ACI-Action,Strategy+ACI-,,15.95,PlayStation 3,2008
Secret Files: Tunguska,2,Adventure,,17.95,Nintendo Wii,2008
Chicken Hunter,1,Action,,17.95,Nintendo DS,2008
